<?xml version="1.0" encoding="US-ASCII" standalone="yes"?>
<objectListWrapper>
    <objects>
        <objectContainer>
            <project>
                <name>RA Disbursement CAS DI Report  05-12-2017</name>
                <description></description>
                <author>atmdlive3</author>
                <runs>
                    <run>
                        <blockSize>1</blockSize>
                        <campaign>
                            <active>true</active>
                            <businessRules/>
                            <campaignMaps>
                                <campaignMap>
                                    <blockSize>1</blockSize>
                                    <businessRule>
                                        <content>#RuleContext.APPROVE_ALL_RULE</content>
                                        <name>Approve All</name>
                                        <ruleType>WORKFLOW_RULE</ruleType>
                                        <ruleTypeUI>Composite</ruleTypeUI>
                                        <uuid>ee275ef5-2a1d-4f22-83a8-d158aab32851</uuid>
                                        <workflowRuleMode>SIMPLE</workflowRuleMode>
                                    </businessRule>
                                    <campaign>
                                        <active>false</active>
                                        <businessRules/>
                                        <campaignMaps/>
                                        <campaigns/>
                                        <executingType>MACHINE</executingType>
                                        <goldBucketBlockSize>0</goldBucketBlockSize>
                                        <goldRatio>0</goldRatio>
                                        <goldSource>Empty</goldSource>
                                        <goldType>Percentage</goldType>
                                        <machineConfig>
                                            <answers/>
                                            <code></code>
                                            <content>&lt;?xml version="1.0" encoding="UTF-8"?&gt;
&lt;config xmlns="http://web-harvest.sourceforge.net/schema/1.0/config"
	charset="UTF-8"&gt;

	&lt;script&gt;&lt;![CDATA[
		List itemsForExport = new ArrayList();
		scheme="";
		put_to_map="";
		app_id="";
	]]&gt;&lt;/script&gt;
 &lt;!-- **************************************************************** --&gt;
 	&lt;var-def name="processing_time_start"&gt;&lt;/var-def&gt;
	
	&lt;var-def name="processing_time_end"&gt;&lt;/var-def&gt;

	&lt;script&gt;&lt;![CDATA[
		import java.util.ArrayList;
		import java.util.HashMap;
		import java.text.DateFormat;
		import java.text.SimpleDateFormat;
		import java.util.Date;
		import java.lang.Object;
		import java.time.ZoneId;
		import java.time.ZonedDateTime;
		import java.time.format.DateTimeFormatter;
		import java.time.LocalDate;
		records_count_DiReport = 0;
		Date today = new Date();
		Calendar cal = Calendar.getInstance();
		cal.add(Calendar.DATE, -7);
		Date weekAgo = cal.getTime();
		SimpleDateFormat dateParser = new SimpleDateFormat("dd-MM-yyyy");
		log.warn("today:"+today);
		log.warn("weekAgo:"+weekAgo);
		replace_record="";
		put_to_Map="no";
		put_to_duplicate_record_map="no";
		int rows = 0;
		overall_status ="Unprocessed";
		Date disbursed_date =new Date();
		Date end_timestamp =new Date();
		DateFormat formatterTime = new SimpleDateFormat("dd-MM-yyyyhh:mm:ss");
		start_record_date = "";
		end_record_date="";
		/*Time check code for processing records*/
		if(!processing_time_start.toString().isEmpty()){
			start_record_date = (Date)formatterTime.parse(processing_time_start.toString());
		}
		if(!processing_time_end.toString().isEmpty()){
			end_record_date = (Date)formatterTime.parse(processing_time_end.toString());
		}
		log.warn("start_record_date:"+start_record_date);

				Calendar cal = Calendar.getInstance();
				cal.add(Calendar.DATE, -5);
				yesterday = cal.getTime();
				today = new Date();
		DateFormat dateFormat = new SimpleDateFormat("dd/MM/yyyy");
				fromdate = dateFormat.format(yesterday).toString();
				todate = dateFormat.format(today).toString();
		log.warn("today "+today+" yesterday"+yesterday);
		log.warn("fromdate "+fromdate+" todate"+todate);
	]]&gt;&lt;/script&gt;
  
&lt;!-- ***************************************************************** --&gt;
	&lt;var-def name="jdbc_url"&gt;
    &lt;template&gt;jdbc:oracle:thin:@//rac-scan-axcas-bcc:45010/axcas_bcc&lt;/template&gt;
	&lt;/var-def&gt;
	&lt;var-def name="driver_class_name"&gt;
		&lt;template&gt;oracle.jdbc.driver.OracleDriver&lt;/template&gt;
	&lt;/var-def&gt;
	&lt;var-def name="db_username"&gt;
		&lt;template&gt;cas1&lt;/template&gt;
	&lt;/var-def&gt;
	&lt;var-def name="db_password"&gt;
		&lt;template&gt;live123&lt;/template&gt;
	&lt;/var-def&gt;
  &lt;var-def name="ra_records_datastore"&gt;
		&lt;template&gt;RA_DISBURSEMENT_RECORDS_ASSIGNED_CAPABILITY&lt;/template&gt;
	&lt;/var-def&gt;

&lt;!--	&lt;var-def name="app_id"&gt;
		&lt;template&gt;2923806&lt;/template&gt;
	&lt;/var-def&gt; --&gt;

	&lt;var-def name="select_query"&gt;
		&lt;template&gt;
			SELECT a.app_id_c, c.customername,  sum(disb_amt) disb_amt,
 to_char(a.created_on,'dd-mm-yyyy')created_on,a.LAA_APP_APPR_AMTFIN_N,LSO_OFFICE_NAME_C,schemedesc,
 to_char(dii.las_edit_d,'DD-MM-YYYYHH24:MI:SS')dii_disb_date,
 fiv.LFAM_AGENCYNAME_C FROM casuti.lea_disb_to_mult_entities_dtl b,casuti.los_sec_office so, casuti.lea_scheme_m sch,
casuti.los_app_applications a,casuti.nbfc_customer_m c,
(select fiv.app_id_c,fi.LFAM_AGENCYNAME_C from casuti.LOS_FI_APP_LATEST_VERIFICATION fiv, casuti.LOS_FI_AGENCY_M fi 
 where fiv.LFALV_AGENCY_CODE_C = fi.LFAM_AGENCYCODE_C and LFALV_AGENCY_CODE_C like 'V%')fiv,
(SELECT app_id_c,las_activity_id,las_status_c,las_edit_d,LAS_USER_ID_C FROM casuti.los_app_status 
 WHERE las_activity_id='DII'AND las_status_c='S')dii,
 (SELECT key1,VALUE,description FROM casuti.cr_gene_para WHERE key1='INSTRUTY')p1 
 WHERE a.app_id_c=b.applid and so.LSO_OFFICE_CODE_C = a.laa_branchid and sch.schemeid=a.lsm_schemeid and a.app_id_c = fiv.app_id_c(+)
 and schemedesc in('AU_LNAUL','PP_LNPPG','PP_LNPPD','UC_LNUCL','PP_LNPAL','BP_LNBLI','PP_LNPPG_BRE','PP_LNPAL_BRE','AL_FLEET',
 'AL_SHRIRAM','AL_PREAPPROVED','LN_TRAC','AU_LNAUL_BRE','AL_PREAPPROVED_BRE','PP_LNPPGHOL_BRE','AU_CORP_BRE','BP_LNBLN',
 'PP_LNPEL_BRE','UC_LNUCL_BRE','PP_LNPALHOL_BRE','CV_COMM_VEHICLE','UV_LNUCV','CE_CONST_EQUIPMENT','UE_LNUCE') 
 AND b.funding_method=p1.VALUE(+)
 AND a.cust_id_n=c.cust_id_n 
 AND dii.app_id_c=a.app_id_c 
 AND a.laa_app_status_c='A' 
AND trunc(dii.las_edit_d) between to_date('${fromdate}', 'DD/MM/YYYY')and to_date('${todate}', 'DD/MM/YYYY')
 group by a.app_id_c, c.customername, LSO_OFFICE_NAME_C,schemedesc,to_char(a.created_on,'dd-mm-yyyy'),fiv.LFAM_AGENCYNAME_C,
  to_char(dii.las_edit_d,'DD-MM-YYYYHH24:MI:SS'),a.LAA_APP_APPR_AMTFIN_N 
		&lt;/template&gt;
	&lt;/var-def&gt;
	&lt;log level="warn" message="select_query : ${select_query}"&gt;&lt;/log&gt;
	&lt;var-def name="list_Records"&gt;
		&lt;database connection='${jdbc_url}' username='${db_username}'
			password='${db_password}' jdbcclass='${driver_class_name}'&gt;
			&lt;template&gt;${select_query}&lt;/template&gt;
		&lt;/database&gt;
	&lt;/var-def&gt;
	&lt;log level="warn" message="${list_Records}"&gt;&lt;/log&gt;

	&lt;loop item="tableRow"&gt;
		&lt;list&gt;
			&lt;var name="list_Records" /&gt;
		&lt;/list&gt;
		&lt;body&gt;
			&lt;script&gt;&lt;![CDATA[
				Map rec = new HashMap();
				rec.put ("app_id", tableRow.get("APP_ID_C").toString().trim());
				rec.put ("customer_name", tableRow.get("CUSTOMERNAME").toString().replaceAll("  "," ").trim());

				rec.put ("amount_sanctioned", tableRow.get("LAA_APP_APPR_AMTFIN_N").toString().replaceAll("  "," ").trim());
				rec.put ("scheme", tableRow.get("SCHEMEDESC").toString().trim());
				rec.put ("disbursal_date", tableRow.get("dii_disb_date").toString().replaceAll("  "," ").trim());
				rec.put ("processed_date ", tableRow.get("dii_disb_date").toString().replaceAll("  "," ").trim());
				rec.put ("disbursal_initiation_date", tableRow.get("dii_disb_date").toString().replaceAll("  "," ").trim());
				rec.put ("overall_status", "Unprocessed");
				rec.put ("retail_asset_center", tableRow.get("LSO_OFFICE_NAME_C").toString().replaceAll("  "," ").trim());
				rec.put ("case_type ", "New");
				rec.put("correct_data_received","True");
				rec.put("is_cas_validation_done", "false");
				rec.put("is_disbursement_done", "false");
				rec.put("is_reversal_done", "false");
				rec.put("is_lms_maker_done", "false");
				rec.put("is_lms_checker_done", "false");
				rec.put("is_newhl_done", "false");
				rec.put("is_subhl_done", "false");
				rec.put("lms_overall_status", "Unprocessed");
				rec.put("record_source", "report");
				rec.put("process_name", "cas");
				itemsForExport.add (rec);
				scheme=tableRow.get("SCHEMEDESC").toString().trim();
				app_id=tableRow.get("APP_ID_C").toString().trim();
			]]&gt;&lt;/script&gt;
      	&lt;var-def name="loan_type"&gt;
						&lt;xpath expression="//row/loan_type/text()"&gt;
							&lt;datastore name="RA_Disbursement_Product_to_Scheme_Map"
								max="1"&gt;
								SELECT loan_type from @this where schemedesc='${scheme}';
							&lt;/datastore&gt;
						&lt;/xpath&gt;
					&lt;/var-def&gt;
					&lt;!-- Need to be removed code,once we go live for all loan types --&gt;
					
						&lt;case&gt;
								&lt;if condition='${disbursed_date.after(end_timestamp) || loan_type.toString().toUpperCase().contains("HOME")}'&gt;
									&lt;script&gt;&lt;![CDATA[
										put_to_Map="no";
									]]&gt;&lt;/script&gt;
								&lt;/if&gt;
								&lt;else&gt; 
									&lt;case&gt;
										&lt;if condition='${!start_record_date.toString().isEmpty() || !end_record_date.toString().isEmpty()}'&gt;
											&lt;script&gt;&lt;![CDATA[
												if(!start_record_date.toString().isEmpty() &amp;&amp; !end_record_date.toString().isEmpty() &amp;&amp; disbursed_date.after(start_record_date) &amp;&amp; disbursed_date.before(end_record_date)){
													put_to_Map="yes";
												}else if(!start_record_date.toString().isEmpty() &amp;&amp; disbursed_date.after(start_record_date) &amp;&amp; end_record_date.toString().isEmpty()){
													put_to_Map="yes";
												}else if(!end_record_date.toString().isEmpty() &amp;&amp; disbursed_date.before(end_record_date) &amp;&amp; start_record_date.toString().isEmpty()){
													put_to_Map="yes";
												}else{
													put_to_Map="no";
												}
											]]&gt;&lt;/script&gt;
										&lt;/if&gt;
										&lt;else&gt;
											&lt;script&gt;&lt;![CDATA[ 
												put_to_Map="yes";
											]]&gt;&lt;/script&gt;
										&lt;/else&gt;
									&lt;/case&gt;
									
									&lt;case&gt;
										&lt;if condition='${put_to_Map.toString().equals("yes")}'&gt;	
											&lt;var-def name="record_existing_temp"&gt;
												&lt;datastore name="${ra_records_datastore}"&gt;
													select * from @this where
													app_id='${app_id}';
												&lt;/datastore&gt;
											&lt;/var-def&gt;
											&lt;case&gt;
												&lt;if condition="${record_existing_temp.toString().isEmpty()}"&gt;
													&lt;script&gt;&lt;![CDATA[
														put_to_Map="yes";
														records_count_DiReport++;
													]]&gt;&lt;/script&gt;
												&lt;/if&gt;
												&lt;else&gt;
													&lt;var-def name="record_existing"&gt;
														&lt;json&gt;
															&lt;xml-to-json&gt;
																&lt;var name="record_existing_temp" /&gt;
															&lt;/xml-to-json&gt;
														&lt;/json&gt;
													&lt;/var-def&gt;
													&lt;script&gt;&lt;![CDATA[
														put_to_Map="no";  //delete this line after implementing duplicate check
														int num_dupl_records=0;
														int num_processed_records=0;
														int num_rejected_records=0;
				
														num_dupl_records=record_existing.getWrappedObject().get(0).getWrappedObject().get("row").size();
				
														/*for(int i=0;i&lt;num_dupl_records;i++){
														 processed_date=record_existing.getWrappedObject().get(0).getWrappedObject().get("row").get(0).get("processed_date");
														 }*/
													]]&gt;&lt;/script&gt;
													&lt;log level="record_existing is ${record_existing.toString()}"&gt;&lt;/log&gt;
												&lt;/else&gt;
											&lt;/case&gt;
										&lt;/if&gt;
									&lt;/case&gt;
								&lt;/else&gt;
							&lt;/case&gt;	
     						 &lt;case&gt;
								&lt;if condition='${put_to_Map.equals("yes")}'&gt;
									&lt;insert-datastore datastore-name="${ra_records_datastore}"&gt;
										&lt;script return="rec" /&gt;
									&lt;/insert-datastore&gt;
								&lt;/if&gt;
							&lt;/case&gt;
      				
		&lt;/body&gt;
	&lt;/loop&gt;

	&lt;script&gt;&lt;![CDATA[
		log.warn("itemsForExport : "+itemsForExport);
	]]&gt;&lt;/script&gt;

&lt;log level="warn" message="Number of records for processing from DI Report: ${records_count_DiReport}"&gt;&lt;/log&gt;
	&lt;export include-original-data="false"&gt;
	&lt;/export&gt;

&lt;/config&gt;</content>
                                            <description></description>
                                            <includedConfigs/>
                                            <inclusionCode>a5b65359-763e-40e6-9717-90f4b3e72a5f</inclusionCode>
                                            <jsonParams>{"configXMLModified":"true"}</jsonParams>
                                            <machineWorkSetting>
                                                <category>
                                                    <automation>false</automation>
                                                    <description></description>
                                                    <enabled>true</enabled>
                                                    <executingType>MACHINE</executingType>
                                                    <name>Other</name>
                                                    <private>false</private>
                                                    <publicId>dd92f240-144b-4fef-8476-4ec0acbc1105</publicId>
                                                </category>
                                                <contentType>BLANK</contentType>
                                                <description></description>
                                                <enabled>true</enabled>
                                                <name>Miscellaneous Tasks</name>
                                                <publicId>26e6e095-00bb-43fa-8c34-af0b18e71ac9</publicId>
                                                <version>
                                                    <componentUuid>26e6e095-00bb-43fa-8c34-af0b18e71ac9</componentUuid>
                                                    <incrementalVersion>1.0</incrementalVersion>
                                                    <lastInChain>true</lastInChain>
                                                    <lastModified>2017-11-15T15:35:27Z</lastModified>
                                                    <versionUuid>26e6e095-00bb-43fa-8c34-af0b18e71ac9</versionUuid>
                                                </version>
                                                <answers/>
                                                <machineWorkSettingType>BASIC</machineWorkSettingType>
                                                <template>
                                                    <content>&lt;?xml version="1.0" encoding="UTF-8"?&gt;
&lt;config charset="UTF-8"&gt;
	&lt;export include-original-data="true"&gt;
	&lt;/export&gt;
&lt;/config&gt;</content>
                                                    <name>Blank</name>
                                                    <origination>CREATED_MANUALLY</origination>
                                                    <status>ACTIVE</status>
                                                    <type>BASE_MACHINE</type>
                                                    <uuid>8f04bd99-7f51-4796-a528-d1a7c9ccfbc4</uuid>
                                                    <version>
                                                        <componentUuid>8f04bd99-7f51-4796-a528-d1a7c9ccfbc4</componentUuid>
                                                        <incrementalVersion>1.0</incrementalVersion>
                                                        <lastInChain>true</lastInChain>
                                                        <lastModified>2012-12-27T00:00:00Z</lastModified>
                                                        <versionUuid>8f04bd99-7f51-4796-a528-d1a7c9ccfbc4</versionUuid>
                                                    </version>
                                                </template>
                                            </machineWorkSetting>
                                            <machineWorkSettingType>BASIC</machineWorkSettingType>
                                            <name>DI report Query Implementation</name>
                                            <machineConfigOptions/>
                                            <sourceType>MANUAL</sourceType>
                                            <template>
                                                <content>&lt;?xml version="1.0" encoding="UTF-8"?&gt;
&lt;config charset="UTF-8"&gt;
	&lt;export include-original-data="true"&gt;
	&lt;/export&gt;
&lt;/config&gt;</content>
                                                <name>Blank</name>
                                                <origination>CREATED_MANUALLY</origination>
                                                <status>ACTIVE</status>
                                                <type>BASE_MACHINE</type>
                                                <uuid>8f04bd99-7f51-4796-a528-d1a7c9ccfbc4</uuid>
                                                <version>
                                                    <componentUuid>8f04bd99-7f51-4796-a528-d1a7c9ccfbc4</componentUuid>
                                                    <incrementalVersion>1.0</incrementalVersion>
                                                    <lastInChain>true</lastInChain>
                                                    <lastModified>2012-12-27T00:00:00Z</lastModified>
                                                    <versionUuid>8f04bd99-7f51-4796-a528-d1a7c9ccfbc4</versionUuid>
                                                </version>
                                            </template>
                                            <uuid>a5b65359-763e-40e6-9717-90f4b3e72a5f</uuid>
                                            <version>
                                                <componentUuid>38918583-d4b5-4133-ac59-26eea611db3b</componentUuid>
                                                <incrementalVersion>1.11</incrementalVersion>
                                                <lastInChain>true</lastInChain>
                                                <lastModified>2017-12-05T06:34:46Z</lastModified>
                                                <versionUuid>00fe8138-453d-49a9-9cd8-ebdca9dcef06</versionUuid>
                                            </version>
                                        </machineConfig>
                                        <moderation>false</moderation>
                                        <origination>CREATED_AUTOMATICALLY</origination>
                                        <requiresData>true</requiresData>
                                        <status>ACTIVE</status>
                                        <streamComplexRunThreshold>1</streamComplexRunThreshold>
                                        <streamTimeInterval>Immediately</streamTimeInterval>
                                        <streamTimeIntervalValue>0</streamTimeIntervalValue>
                                        <streamValueType>Tasks</streamValueType>
                                        <title>DI report Query Implementation</title>
                                        <type>SINGLE</type>
                                        <uuid>39f22f39-e109-4583-959d-57eda919725e</uuid>
                                        <validWorkflow>false</validWorkflow>
                                        <version>
                                            <componentUuid>e7409ff6-8667-4b33-bdba-dbd3745e3e6d</componentUuid>
                                            <incrementalVersion>1.14</incrementalVersion>
                                            <lastInChain>true</lastInChain>
                                            <lastModified>2017-12-05T06:34:46Z</lastModified>
                                            <versionUuid>8fd9129f-0082-4aec-ae75-fd4aea2bc59c</versionUuid>
                                        </version>
                                        <workSettingBase>false</workSettingBase>
                                    </campaign>
                                    <deleted>false</deleted>
                                    <stepIndex>1</stepIndex>
                                    <stepPosition>START</stepPosition>
                                    <uuid>66b7e944-fd51-46b9-a202-a6ccbe4ff44c</uuid>
                                </campaignMap>
                                <campaignMap>
                                    <blockSize>1</blockSize>
                                    <businessRule>
                                        <content># Rule.Definition={"moderationRule":false,"approveAllRule":false,"splitData":false,"splitRule":false,"splitRuleSuffix":"","joinRule":false,"joinRuleSuffix":"","streamingRule":false,"streamingRuleSuffix":"","namedRule":false,"namedRuleName":""}
package com.freedomoss.requester;

# list any import classes here.
import java.util.Map;
import java.util.ArrayList;
import com.freedomoss.objective.model.CompositeRuleContext;
import com.freedomoss.objective.model.CompositeRuleDataItemContext;
import org.slf4j.Logger;


# declare any global variables here
global CompositeRuleContext source
global Logger log
global Map params


rule "Rule context initialization"
auto-focus true
no-loop
agenda-group "initialization-group"
    when
        $ctx:CompositeRuleContext(initialized == false);
    then
        # insert processed facts into memory
        $ctx.updateWorkingMemory();
        # move to business rules
        kcontext.getKnowledgeRuntime().getAgenda().getAgendaGroup("calculation").setFocus();
end

# RuleOutcome.Definition={"outcomeId":"End for the day","conditional":true,"reworkBySameWorker":false,"assignToSameWorker":false,"anableLogging":false,"sendRejectNotification":false,"assignToAnyWorker":false,"approveRelatedAssignments":false,"rejectRelatedAssignments":false,"renameAutomationAnswerItem":false,"conditions":[{"fieldName":"next_run","value":"true","operator":"NE"}],"customConditions":[]}
rule "1. Send records to 'End for the day' when next_run NE 'true'"
agenda-group "calculation"
dialect "mvel"
salience 100
    when
        $ctx:CompositeRuleContext(initialized == true);
        $item:CompositeRuleDataItemContext();
        eval($item.checkValue("next_run", "NE", "true"));

    then
        $ctx.sendResultTo("End for the day", $item);
end

# RuleOutcome.Definition={"outcomeId":"Next Run","conditional":true,"reworkBySameWorker":false,"assignToSameWorker":false,"anableLogging":false,"sendRejectNotification":false,"assignToAnyWorker":false,"approveRelatedAssignments":false,"rejectRelatedAssignments":false,"renameAutomationAnswerItem":false,"conditions":[{"fieldName":"next_run","value":"true","operator":"EQ"}],"customConditions":[]}
rule "2. Send records to 'Next Run' when next_run EQ 'true'"
agenda-group "calculation"
dialect "mvel"
salience 100
    when
        $ctx:CompositeRuleContext(initialized == true);
        $item:CompositeRuleDataItemContext();
        eval($item.checkValue("next_run", "EQ", "true"));

    then
        $ctx.sendResultTo("Next Run", $item);
end



rule "Send unprocessed result to unconditional outcome(s)"
agenda-group "calculation"
dialect "mvel"
salience 80
    when
        $ctx:CompositeRuleContext(initialized == true);
        $item:CompositeRuleDataItemContext();
    then
        $ctx.sendResultToUnconditionalOutcomes($item, true);
end</content>
                                        <name>Business Rule</name>
                                        <ruleType>WORKFLOW_RULE</ruleType>
                                        <ruleTypeUI>Composite</ruleTypeUI>
                                        <uuid>28f2b86c-a24a-4be9-938b-fce02c04a6a6</uuid>
                                        <workflowRuleMode>SIMPLE</workflowRuleMode>
                                    </businessRule>
                                    <campaign>
                                        <active>false</active>
                                        <businessRules/>
                                        <campaignMaps/>
                                        <campaigns/>
                                        <executingType>MACHINE</executingType>
                                        <goldBucketBlockSize>0</goldBucketBlockSize>
                                        <goldRatio>0</goldRatio>
                                        <goldSource>Empty</goldSource>
                                        <goldType>Percentage</goldType>
                                        <machineConfig>
                                            <answers/>
                                            <code></code>
                                            <content>&lt;?xml version="1.0" encoding="UTF-8"?&gt;
&lt;config charset="UTF-8"&gt;
   &lt;script&gt;&lt;![CDATA[ 
	next_run="false";
temp1="false";
Thread.sleep(900000);
]]&gt;&lt;/script&gt;
 &lt;!-- &lt;while condition='${temp1.equals("false")}'&gt;
  &lt;var-def name="record_count"&gt;
    &lt;xpath expression="//row/count/text()"&gt;
      &lt;datastore name="${ra_records_datastore}"&gt;
      SELECT count(app_id) as count from @this where overall_status='Unprocessed';
      &lt;/datastore&gt;
    &lt;/xpath&gt;
  &lt;/var-def&gt;
  &lt;script&gt;&lt;![CDATA[ 
	int count=Integer.parseInt(record_count.toString());
	log.warn("Records count currently is"+count);
	if(count&gt;400){
	Thread.sleep(10800000);
	}
	if(count&gt;200 &amp;&amp; count&lt;400){
	Thread.sleep(7200000);
	}
	else
	if(count&gt;100 &amp;&amp; count&lt;200){
	Thread.sleep(3600000);
	}
	else if(count&gt;60 &amp;&amp; count&lt;100){
	Thread.sleep(1800000);
	}
	else if(count&gt;5 &amp;&amp; count&lt;60){
	Thread.sleep(1100000);
	}
	if(count&lt;10){
		temp1="true";
		break;
		}
	
	]]&gt;&lt;/script&gt;
  &lt;/while&gt;  	--&gt;
  	&lt;var-def name="end_time"&gt;
		&lt;xpath expression="//row/end_time/text()"&gt;
			&lt;datastore name="RA_DISBURSEMENT_MASTER_DATA" max="1"&gt;
				SELECT end_time from @this;
			&lt;/datastore&gt;
		&lt;/xpath&gt;
	&lt;/var-def&gt;
&lt;script&gt;&lt;![CDATA[
import java.util.*;
import java.util.Date;
import java.text.DateFormat;
import java.util.ArrayList;
import java.text.SimpleDateFormat;
import java.time.format.DateTimeFormatter;
import java.time.LocalDate;
import java.time.ZoneId;
import java.time.ZonedDateTime;
import java.util.Calendar;

end_hr=end_time.toString().split(":")[0];
end_min=end_time.toString().split(":")[1];
Calendar cal = Calendar.getInstance();
cal.set(Calendar.HOUR_OF_DAY,Integer.parseInt(end_hr));
cal.set(Calendar.MINUTE,Integer.parseInt(end_min));
cal.set(Calendar.SECOND,0);
cal.set(Calendar.MILLISECOND,0);
Calendar cal1 = Calendar.getInstance();
ZoneId z = ZoneId.of("Asia/Kolkata");
LocalDate localDate = LocalDate.now(z);
ZonedDateTime zonedDateTime = ZonedDateTime.now(z);
String new_parsing_Date = ""+DateTimeFormatter.ofPattern("dd-MM-yyyy").format(localDate);
int hour = zonedDateTime.getHour();
int  minutes = zonedDateTime.getMinute();
cal1.set(Calendar.HOUR_OF_DAY,hour);
cal1.set(Calendar.MINUTE,minutes);
log.warn("************"+cal.after(cal1));
if(cal.after(cal1)){
next_run="true";
}
]]&gt;&lt;/script&gt;
  
&lt;export include-original-data="false"&gt;
    &lt;single-column name="next_run" value="${next_run}"/&gt;
&lt;/export&gt;
&lt;/config&gt;</content>
                                            <description></description>
                                            <includedConfigs/>
                                            <inclusionCode>e5575e74-c20a-4534-971b-e2e350532980</inclusionCode>
                                            <jsonParams>{"configXMLModified":"true"}</jsonParams>
                                            <machineWorkSetting>
                                                <category>
                                                    <automation>false</automation>
                                                    <description></description>
                                                    <enabled>true</enabled>
                                                    <executingType>MACHINE</executingType>
                                                    <name>Other</name>
                                                    <private>false</private>
                                                    <publicId>dd92f240-144b-4fef-8476-4ec0acbc1105</publicId>
                                                </category>
                                                <contentType>BLANK</contentType>
                                                <description></description>
                                                <enabled>true</enabled>
                                                <name>Miscellaneous Tasks</name>
                                                <publicId>26e6e095-00bb-43fa-8c34-af0b18e71ac9</publicId>
                                                <version>
                                                    <componentUuid>26e6e095-00bb-43fa-8c34-af0b18e71ac9</componentUuid>
                                                    <incrementalVersion>1.0</incrementalVersion>
                                                    <lastInChain>true</lastInChain>
                                                    <lastModified>2017-11-15T15:35:27Z</lastModified>
                                                    <versionUuid>26e6e095-00bb-43fa-8c34-af0b18e71ac9</versionUuid>
                                                </version>
                                                <answers/>
                                                <machineWorkSettingType>BASIC</machineWorkSettingType>
                                                <template>
                                                    <content>&lt;?xml version="1.0" encoding="UTF-8"?&gt;
&lt;config charset="UTF-8"&gt;
	&lt;export include-original-data="true"&gt;
	&lt;/export&gt;
&lt;/config&gt;</content>
                                                    <name>Blank</name>
                                                    <origination>CREATED_MANUALLY</origination>
                                                    <status>ACTIVE</status>
                                                    <type>BASE_MACHINE</type>
                                                    <uuid>8f04bd99-7f51-4796-a528-d1a7c9ccfbc4</uuid>
                                                    <version>
                                                        <componentUuid>8f04bd99-7f51-4796-a528-d1a7c9ccfbc4</componentUuid>
                                                        <incrementalVersion>1.0</incrementalVersion>
                                                        <lastInChain>true</lastInChain>
                                                        <lastModified>2012-12-27T00:00:00Z</lastModified>
                                                        <versionUuid>8f04bd99-7f51-4796-a528-d1a7c9ccfbc4</versionUuid>
                                                    </version>
                                                </template>
                                            </machineWorkSetting>
                                            <machineWorkSettingType>BASIC</machineWorkSettingType>
                                            <name>Check for end time</name>
                                            <machineConfigOptions/>
                                            <sourceType>MANUAL</sourceType>
                                            <template>
                                                <content>&lt;?xml version="1.0" encoding="UTF-8"?&gt;
&lt;config charset="UTF-8"&gt;
	&lt;export include-original-data="true"&gt;
	&lt;/export&gt;
&lt;/config&gt;</content>
                                                <name>Blank</name>
                                                <origination>CREATED_MANUALLY</origination>
                                                <status>ACTIVE</status>
                                                <type>BASE_MACHINE</type>
                                                <uuid>8f04bd99-7f51-4796-a528-d1a7c9ccfbc4</uuid>
                                                <version>
                                                    <componentUuid>8f04bd99-7f51-4796-a528-d1a7c9ccfbc4</componentUuid>
                                                    <incrementalVersion>1.0</incrementalVersion>
                                                    <lastInChain>true</lastInChain>
                                                    <lastModified>2012-12-27T00:00:00Z</lastModified>
                                                    <versionUuid>8f04bd99-7f51-4796-a528-d1a7c9ccfbc4</versionUuid>
                                                </version>
                                            </template>
                                            <uuid>e5575e74-c20a-4534-971b-e2e350532980</uuid>
                                            <version>
                                                <componentUuid>76f92d37-e9e0-428e-a316-74b63604648c</componentUuid>
                                                <incrementalVersion>1.1</incrementalVersion>
                                                <lastInChain>true</lastInChain>
                                                <lastModified>2017-11-20T13:48:00Z</lastModified>
                                                <versionUuid>686bed01-964f-4efb-a6da-79424ab133f2</versionUuid>
                                            </version>
                                        </machineConfig>
                                        <moderation>false</moderation>
                                        <origination>CREATED_AUTOMATICALLY</origination>
                                        <requiresData>true</requiresData>
                                        <status>ACTIVE</status>
                                        <streamComplexRunThreshold>1</streamComplexRunThreshold>
                                        <streamTimeInterval>Immediately</streamTimeInterval>
                                        <streamTimeIntervalValue>0</streamTimeIntervalValue>
                                        <streamValueType>Tasks</streamValueType>
                                        <title>Check for end time</title>
                                        <type>SINGLE</type>
                                        <uuid>bcbe1779-c179-4b33-8481-9a24c39d813e</uuid>
                                        <validWorkflow>false</validWorkflow>
                                        <version>
                                            <componentUuid>7b40e0fa-d5bf-4301-920f-9c21fcf59d19</componentUuid>
                                            <incrementalVersion>1.1</incrementalVersion>
                                            <lastInChain>true</lastInChain>
                                            <lastModified>2017-12-05T14:21:29Z</lastModified>
                                            <versionUuid>d5550a09-09a8-423f-816e-746a7374b2a3</versionUuid>
                                        </version>
                                        <workSettingBase>false</workSettingBase>
                                    </campaign>
                                    <deleted>false</deleted>
                                    <stepIndex>2</stepIndex>
                                    <stepPosition>INTERMEDIATE</stepPosition>
                                    <uuid>c92fa242-fb9b-41a2-ba04-f17948687da8</uuid>
                                </campaignMap>
                                <campaignMap>
                                    <businessRule>
                                        <content>package com.freedomoss.requester;

#list any import classes here.
import com.freedomoss.objective.model.CompositeRuleContext;
import com.freedomoss.objective.model.CompositeRuleDataItemContext;
import com.freedomoss.requester.model.AwsHitQuestionItem;
import com.freedomoss.requester.model.AwsHitQuestionAnswerItem;
import org.slf4j.Logger;
import java.util.Map;
import java.util.Iterator;
import java.util.List;
import java.util.Set;
import java.util.ArrayList;
import com.freedomoss.requester.dto.SubmissionResultDTO;

#declare any global variables here
global CompositeRuleContext source
global Logger log
global Map params



rule "Rule context initialization"
auto-focus true
no-loop
dialect "mvel"
agenda-group "initialization-group"
	when
		$ctx:CompositeRuleContext(initialized == false);
	then
		$ctx.updateWorkingMemory();
		# move to business rules
		$ctx.logExecutedRule(kcontext.getRule().getName());
		kcontext.getKnowledgeRuntime().getAgenda().getAgendaGroup("calculation").setFocus();
end</content>
                                        <name>Business Process: End Rule</name>
                                        <ruleType>WORKFLOW_RULE</ruleType>
                                        <uuid>58221512-f0f9-489e-92cd-ff6da8eaf88f</uuid>
                                        <workflowRuleMode>ADVANCED</workflowRuleMode>
                                    </businessRule>
                                    <campaign>
                                        <active>false</active>
                                        <businessRules/>
                                        <campaignMaps/>
                                        <campaigns/>
                                        <executingType>MACHINE</executingType>
                                        <goldBucketBlockSize>0</goldBucketBlockSize>
                                        <goldRatio>0</goldRatio>
                                        <goldSource>Empty</goldSource>
                                        <goldType>Percentage</goldType>
                                        <machineConfig>
                                            <answers/>
                                            <code></code>
                                            <content>&lt;?xml version="1.0" encoding="UTF-8"?&gt;
&lt;config charset="UTF-8"&gt;

    &lt;var-def name="exportType"&gt;
        &lt;case&gt;
            &lt;if condition='${sys.isVariableDefined("_sys_export_type")}'&gt;
                &lt;template&gt;${_sys_export_type}&lt;/template&gt;
            &lt;/if&gt;
        &lt;/case&gt;
    &lt;/var-def&gt;

    &lt;var-def name="exportColumns"&gt;
        &lt;case&gt;
            &lt;if condition='${sys.isVariableDefined("_sys_export_columns")}'&gt;
                &lt;template&gt;${_sys_export_columns}&lt;/template&gt;
            &lt;/if&gt;
            &lt;else&gt;&lt;/else&gt;
        &lt;/case&gt;
    &lt;/var-def&gt;

    &lt;var-def name="columnNameCase"&gt;
        &lt;case&gt;
            &lt;if condition='${sys.isVariableDefined("_sys_column_name_case")}'&gt;
                &lt;template&gt;${_sys_column_name_case}&lt;/template&gt;
            &lt;/if&gt;
            &lt;else&gt;keep&lt;/else&gt;
        &lt;/case&gt;
    &lt;/var-def&gt;

    &lt;var-def name="dataOnly"&gt;
        &lt;case&gt;
            &lt;if condition='${sys.isVariableDefined("_sys_data_only")}'&gt;
                &lt;template&gt;${_sys_data_only}&lt;/template&gt;
            &lt;/if&gt;
            &lt;else&gt;true&lt;/else&gt;
        &lt;/case&gt;
    &lt;/var-def&gt;

    &lt;var-def name="datastoreName"&gt;
        &lt;script return="item.getWrappedObject().getRun().getDatastoreName()" /&gt;
    &lt;/var-def&gt;
    &lt;case&gt;
        &lt;if condition="${!datastoreName.isEmpty()}"&gt;
            &lt;insert-datastore   datastore-name="${datastoreName}" create="true"&gt;
                &lt;script return="hit_submission_data_item.getWrappedObject().getItemValueMap()"/&gt;
            &lt;/insert-datastore&gt;
        &lt;/if&gt;
    &lt;/case&gt;

    &lt;export include-original-data="true"
            export-type="${exportType}"
            export-columns="${exportColumns}"
            column-name-case="${columnNameCase}"
            data-only="${dataOnly}"&gt;
    &lt;/export&gt;
&lt;/config&gt;</content>
                                            <description>Default machine campaign for end step.</description>
                                            <includedConfigs/>
                                            <inclusionCode>9e5000e3-c243-42d3-b5ad-c6ac90dec35e</inclusionCode>
                                            <machineWorkSetting>
                                                <category>
                                                    <automation>false</automation>
                                                    <description></description>
                                                    <enabled>true</enabled>
                                                    <executingType>MACHINE</executingType>
                                                    <name>Other</name>
                                                    <private>false</private>
                                                    <publicId>dd92f240-144b-4fef-8476-4ec0acbc1105</publicId>
                                                </category>
                                                <contentType>BLANK</contentType>
                                                <description></description>
                                                <enabled>true</enabled>
                                                <name>Miscellaneous Tasks</name>
                                                <publicId>26e6e095-00bb-43fa-8c34-af0b18e71ac9</publicId>
                                                <version>
                                                    <componentUuid>26e6e095-00bb-43fa-8c34-af0b18e71ac9</componentUuid>
                                                    <incrementalVersion>1.0</incrementalVersion>
                                                    <lastInChain>true</lastInChain>
                                                    <lastModified>2017-11-15T15:35:27Z</lastModified>
                                                    <versionUuid>26e6e095-00bb-43fa-8c34-af0b18e71ac9</versionUuid>
                                                </version>
                                                <answers/>
                                                <machineWorkSettingType>BASIC</machineWorkSettingType>
                                                <template>
                                                    <content>&lt;?xml version="1.0" encoding="UTF-8"?&gt;
&lt;config charset="UTF-8"&gt;
	&lt;export include-original-data="true"&gt;
	&lt;/export&gt;
&lt;/config&gt;</content>
                                                    <name>Blank</name>
                                                    <origination>CREATED_MANUALLY</origination>
                                                    <status>ACTIVE</status>
                                                    <type>BASE_MACHINE</type>
                                                    <uuid>8f04bd99-7f51-4796-a528-d1a7c9ccfbc4</uuid>
                                                    <version>
                                                        <componentUuid>8f04bd99-7f51-4796-a528-d1a7c9ccfbc4</componentUuid>
                                                        <incrementalVersion>1.0</incrementalVersion>
                                                        <lastInChain>true</lastInChain>
                                                        <lastModified>2012-12-27T00:00:00Z</lastModified>
                                                        <versionUuid>8f04bd99-7f51-4796-a528-d1a7c9ccfbc4</versionUuid>
                                                    </version>
                                                </template>
                                            </machineWorkSetting>
                                            <name>Final Results</name>
                                            <machineConfigOptions/>
                                            <sourceType>MANUAL</sourceType>
                                            <template>
                                                <content>&lt;?xml version="1.0" encoding="UTF-8"?&gt;
&lt;config charset="UTF-8"&gt;
	&lt;export include-original-data="true"&gt;
	&lt;/export&gt;
&lt;/config&gt;</content>
                                                <name>Blank</name>
                                                <origination>CREATED_MANUALLY</origination>
                                                <status>ACTIVE</status>
                                                <type>BASE_MACHINE</type>
                                                <uuid>8f04bd99-7f51-4796-a528-d1a7c9ccfbc4</uuid>
                                                <version>
                                                    <componentUuid>8f04bd99-7f51-4796-a528-d1a7c9ccfbc4</componentUuid>
                                                    <incrementalVersion>1.0</incrementalVersion>
                                                    <lastInChain>true</lastInChain>
                                                    <lastModified>2012-12-27T00:00:00Z</lastModified>
                                                    <versionUuid>8f04bd99-7f51-4796-a528-d1a7c9ccfbc4</versionUuid>
                                                </version>
                                            </template>
                                            <uuid>9e5000e3-c243-42d3-b5ad-c6ac90dec35e</uuid>
                                            <version>
                                                <componentUuid>9e5000e3-c243-42d3-b5ad-c6ac90dec35e</componentUuid>
                                                <incrementalVersion>1.0</incrementalVersion>
                                                <lastInChain>true</lastInChain>
                                                <lastModified>2017-11-15T15:35:51Z</lastModified>
                                                <versionUuid>a29057a6-c9ec-11e7-9069-005056946962</versionUuid>
                                            </version>
                                        </machineConfig>
                                        <moderation>false</moderation>
                                        <origination>CREATED_AUTOMATICALLY</origination>
                                        <requiresData>true</requiresData>
                                        <status>ACTIVE</status>
                                        <streamComplexRunThreshold>100</streamComplexRunThreshold>
                                        <streamTimeInterval>Immediately</streamTimeInterval>
                                        <streamTimeIntervalValue>0</streamTimeIntervalValue>
                                        <streamValueType>Percents</streamValueType>
                                        <title>Final Results</title>
                                        <type>SINGLE</type>
                                        <uuid>af4c8905-26dd-4120-b208-39ad3530ffc6</uuid>
                                        <validWorkflow>false</validWorkflow>
                                        <version>
                                            <componentUuid>a1b0237d-c9ec-11e7-9069-005056946962</componentUuid>
                                            <incrementalVersion>1.0</incrementalVersion>
                                            <lastInChain>true</lastInChain>
                                            <lastModified>2017-11-15T15:35:51Z</lastModified>
                                            <versionUuid>a29065ee-c9ec-11e7-9069-005056946962</versionUuid>
                                        </version>
                                        <workSettingBase>false</workSettingBase>
                                    </campaign>
                                    <deleted>false</deleted>
                                    <stepIndex>3</stepIndex>
                                    <stepPosition>END</stepPosition>
                                    <uuid>8e66db90-2fd2-4182-b92c-9e329ea2a316</uuid>
                                </campaignMap>
                            </campaignMaps>
                            <campaigns/>
                            <compositeCampaignVersion>NEW_WORKFLOW</compositeCampaignVersion>
                            <compositeStructureXml>&lt;mxGraphModel&gt;&lt;root&gt;&lt;mxCell id="0"/&gt;&lt;mxCell id="1" parent="0"/&gt;&lt;Start id="2" name="Start" type="start"&gt;&lt;mxCell parent="1" style="start" vertex="1"&gt;&lt;mxGeometry as="geometry" height="32.0" width="32.0" x="80.0" y="44.0"/&gt;&lt;/mxCell&gt;&lt;/Start&gt;&lt;MachineTask campaignMapUUID="66b7e944-fd51-46b9-a202-a6ccbe4ff44c" id="3" label="DI report Query Implementation" name="DI report Query Implementation" taskUUID="39f22f39-e109-4583-959d-57eda919725e" type="machine_task"&gt;&lt;mxCell parent="1" style="machine_task" vertex="1"&gt;&lt;mxGeometry as="geometry" height="60.0" width="160.0" x="190.0" y="30.0"/&gt;&lt;/mxCell&gt;&lt;/MachineTask&gt;&lt;Link id="4" name="" type="link"&gt;&lt;mxCell edge="1" parent="1" source="2" style="link" target="3"&gt;&lt;mxGeometry as="geometry" relative="1" x="0.5" y="10.0"/&gt;&lt;/mxCell&gt;&lt;/Link&gt;&lt;End campaignMapUUID="8e66db90-2fd2-4182-b92c-9e329ea2a316" id="5" name="End" type="end"&gt;&lt;mxCell parent="1" style="end" vertex="1"&gt;&lt;mxGeometry as="geometry" height="32.0" width="32.0" x="880.0" y="44.0"/&gt;&lt;/mxCell&gt;&lt;/End&gt;&lt;MachineTask campaignMapUUID="c92fa242-fb9b-41a2-ba04-f17948687da8" id="7" name="Check for end time" taskUUID="bcbe1779-c179-4b33-8481-9a24c39d813e" type="machine_task"&gt;&lt;mxCell parent="1" style="machine_task" vertex="1"&gt;&lt;mxGeometry as="geometry" height="60.0" width="160.0" x="450.0" y="30.0"/&gt;&lt;/mxCell&gt;&lt;/MachineTask&gt;&lt;Link id="8" name="" outcome="ApproveAll" outcomeId="ApproveAll" ruleUUID="ee275ef5-2a1d-4f22-83a8-d158aab32851" type="link"&gt;&lt;mxCell edge="1" parent="1" source="3" style="link" target="7"&gt;&lt;mxGeometry as="geometry" relative="1" x="0.5" y="10.0"&gt;&lt;mxPoint as="sourcePoint" x="350.0" y="60.0"/&gt;&lt;mxPoint as="targetPoint" x="880.0" y="60.0"/&gt;&lt;/mxGeometry&gt;&lt;/mxCell&gt;&lt;/Link&gt;&lt;Rule id="9" name="Business Rule" ruleUUID="28f2b86c-a24a-4be9-938b-fce02c04a6a6" type="rule"&gt;&lt;mxCell parent="1" style="rule" vertex="1"&gt;&lt;mxGeometry as="geometry" height="32.0" width="32.0" x="680.0" y="44.0"/&gt;&lt;/mxCell&gt;&lt;/Rule&gt;&lt;Link id="10" name="" outcomeId="ApproveAll" ruleUUID="2633c408-84ea-431c-f2d6-71845833574b" type="link"&gt;&lt;mxCell edge="1" parent="1" source="7" style="link" target="9"&gt;&lt;mxGeometry as="geometry" relative="1" x="0.5" y="10.0"&gt;&lt;mxPoint as="sourcePoint" x="610.0" y="60.0"/&gt;&lt;mxPoint as="targetPoint" x="880.0" y="60.0"/&gt;&lt;/mxGeometry&gt;&lt;/mxCell&gt;&lt;/Link&gt;&lt;Link conditional="true" id="11" label="End for the day" name="" outcomeId="End for the day" ruleUUID="28f2b86c-a24a-4be9-938b-fce02c04a6a6" type="link"&gt;&lt;mxCell edge="1" parent="1" source="9" style="link" target="5"&gt;&lt;mxGeometry as="geometry"&gt;&lt;mxPoint as="targetPoint" x="690.0" y="270.0"/&gt;&lt;/mxGeometry&gt;&lt;/mxCell&gt;&lt;/Link&gt;&lt;Link conditional="true" id="12" label="Next Run" name="" outcomeId="Next Run" ruleUUID="28f2b86c-a24a-4be9-938b-fce02c04a6a6" type="link"&gt;&lt;mxCell edge="1" parent="1" source="9" style="link" target="3"&gt;&lt;mxGeometry as="geometry"&gt;&lt;mxPoint as="targetPoint" x="800.0" y="120.0"/&gt;&lt;Array as="points"&gt;&lt;mxPoint x="696.0" y="250.0"/&gt;&lt;mxPoint x="270.0" y="250.0"/&gt;&lt;/Array&gt;&lt;mxPoint as="offset" x="-53.0" y="147.0"/&gt;&lt;/mxGeometry&gt;&lt;/mxCell&gt;&lt;/Link&gt;&lt;/root&gt;&lt;/mxGraphModel&gt;</compositeStructureXml>
                            <description>Business Process description</description>
                            <executingType>COMPOSITE</executingType>
                            <goldBucketBlockSize>0</goldBucketBlockSize>
                            <goldRatio>0</goldRatio>
                            <goldSource>Empty</goldSource>
                            <goldType>Percentage</goldType>
                            <moderation>false</moderation>
                            <origination>CREATED_AUTOMATICALLY</origination>
                            <requiresData>false</requiresData>
                            <status>ACTIVE</status>
                            <streamComplexRunThreshold>1</streamComplexRunThreshold>
                            <streamTimeInterval>Immediately</streamTimeInterval>
                            <streamTimeIntervalValue>0</streamTimeIntervalValue>
                            <streamValueType>Tasks</streamValueType>
                            <title>RA Disbursement CAS DI Report </title>
                            <type>COMPOSITE</type>
                            <uuid>d5e6e107-9633-4801-84c2-b15d7ae3b9ab</uuid>
                            <validWorkflow>true</validWorkflow>
                            <version>
                                <componentUuid>1b45f60c-c776-4342-971c-1a7b849e8425</componentUuid>
                                <incrementalVersion>1.79</incrementalVersion>
                                <lastInChain>true</lastInChain>
                                <lastModified>2017-12-05T06:36:19Z</lastModified>
                                <versionUuid>4a880e4f-8d86-421b-ba6f-6705b7be145a</versionUuid>
                            </version>
                            <workSettingBase>false</workSettingBase>
                        </campaign>
                        <description>
                            <dynamicTaskRenderingDisabled>false</dynamicTaskRenderingDisabled>
                            <goldRun>false</goldRun>
                            <maximumProcessingCount>10</maximumProcessingCount>
                            <qualificationTraining>false</qualificationTraining>
                            <stepDescription>{}</stepDescription>
                            <streamingValue>1</streamingValue>
                            <streamingValueType>Tasks</streamingValueType>
                            <taskParams>{"values":{"DESCRIPTION":"","NAME":"DI report Query Implementation"}}</taskParams>
                            <uploadResults>false</uploadResults>
                            <uploadResultsType>CREATE</uploadResultsType>
                        </description>
                        <executingType>MACHINE</executingType>
                        <forceComplete>false</forceComplete>
                        <forceCompleteIdleTime>0</forceCompleteIdleTime>
                        <forceCompletePercent>100</forceCompletePercent>
                        <mixStrategy>
                            <additionalRows>0</additionalRows>
                            <blockSize>1</blockSize>
                            <goldItemSize>0</goldItemSize>
                            <goldPercentage>0</goldPercentage>
                            <goldRatio>true</goldRatio>
                            <mainRows>1</mainRows>
                            <repeated>false</repeated>
                        </mixStrategy>
                        <purged>false</purged>
                        <recordProcessingStatus>COMPLETED</recordProcessingStatus>
                        <recursiveCount>1</recursiveCount>
                        <rootRunUUID>fb165460-5911-494c-aafa-2b91565cc061</rootRunUUID>
                        <runType>SIMPLE</runType>
                        <tags></tags>
                        <title>DI report Query Implementation</title>
                        <uuid>fb165460-5911-494c-aafa-2b91565cc061</uuid>
                    </run>
                </runs>
                <automationUseCases/>
                <automationInfo/>
            </project>
            <hashCode>297376677</hashCode>
        </objectContainer>
    </objects>
</objectListWrapper>
