"system_id","process_name","url","secure_user","user_status","end_time","capability_name","capability_value","mail_capability_name","mail_capability_value","capability_status","lms_stage","rpa1_capability_name","rpa1_capability_value","rpa2_capability_name","rpa2_capability_value","id_report_capability_name","id_report_capability_value","rpa1_vm1_batch_size","rpa1_vm2_batch_size","rpa2_vm1_batch_size","rpa2_vm2_batch_size","rpa2_vm3_batch_size","from_mail","to_mail","rpa1_bp1_run_status","rpa1_bp2_run_status","rpa2_bp1_run_status","rpa2_bp2_run_status","rpa2_bp3_run_status","first_run_vm2","first_run_vm1","rpa2_vm4_batch_size","rpa2_vm5_batch_size","app_id_string_size"
"5","CAS","http://otdcasf2.axisb.com:8080/AXISCAS/CheckLogin.los","ra_cas_user2","locked","23:00","RAtask","RAlms1",,,"In use",,"RAtask","Racas","RAtask","RAcas6","RAtask","RAcas11","30","30","60","60","60","Process2@InfyDev.com","wf.infy@axisbank.com,priyanka.mehta@axisbank.com,Arvind.Khilari@axisbank.com,Madhavi.Shinde@axisbank.com,Venkateswara.Vanarasi@axisbank.com,Sachin.Kashikedar@axisbank.com,Narender.Nampally@axisbank.com,Bhaskar.Bhoir@axisbank.com,Swapnil.Taldevkar@axisbank.com,Poonam.Desai@axisbank.com, Premlatha.Chandrashekar@axisbank.com,Bijukumar.Nadar@axisbank.com,Vinayak.Ghanvat@axisbank.com,Mona.Mistry@axisbank.com,Sanjay.Nagulapally@axisbank.com,Sujata.Kotalwar@axisbank.com, Manjuluri.Srinath@axisbank.com,Anil.Aravapalli@axisbank.com,Jahnavi.Mandava@axisbank.com,Akash.Kadam@axisbank.com,Shardaprasad.Kanaujiya@axisbank.com,Vipul.Kabra@axisbank.com","free","free","free","free","free","false","false","60","60","6"
"6","LMS","http://otdlmsf2.axisb.com:8080/","ra_lms_user_maker1","Locked","23:00","RAtask","RAlmslive1","RAtask","RAlmslive3","In
use","Maker","RAtask","RAlmslive1","RAtask","RAlmslive1","","","","","","","","","","","","","","","","",,,
"7","LMS","http://otdlmsf2.axisb.com:8080/","ra_lms_user_checker1","Locked","23:00","RAtask","RAlmslive2","","","In use","Checker","RAtask","RAlmslive2","RAtask","RAlmslive2","","","","","","","","","","","","","","","","",,,
"8","LMS","http://otdlmsf2.axisb.com:8080/","lms_login_id_checker2","Locked","23:00","WF135","axis1","","","In use","Checker","WF135","axis1","WF135","axis1","","","","","","","","","","","","","","","","",,,
