"system_id","schemedesc","product","loan_type"
"1","AU_LNAUL","AUTO","AUTO"
"2","PP_LNPPG","PERSONAL LOAN","PERSONAL"
"3","PP_LNPPD","PERSONAL LOAN","PERSONAL"
"4","UC_LNUCL","AUTO","AUTO"
"5","PP_LNPAL","PERSONAL LOAN","PERSONAL"
"6","BP_LNBLI","BUSINESS LOAN","PERSONAL"
"7","PP_LNPPG_BRE","PERSONAL LOAN","PERSONAL"
"8","PP_LNPAL_BRE","PERSONAL LOAN","PERSONAL"
"9","AL_FLEET","AUTO","AUTO"
"10","AL_SHRIRAM","AUTO","AUTO"
"11","AL_PREAPPROVED","AUTO","AUTO"
"12","LN_TRAC","TRACTOR LOAN","AUTO"
"13","AU_LNAUL_BRE","AUTO","AUTO"
"14","AL_PREAPPROVED_BRE","AUTO","AUTO"
"15","PP_LNPPGHOL_BRE","PERSONAL LOAN","PERSONAL"
"16","AU_CORP_BRE","AUTO","AUTO"
"17","BP_LNBLN","BUSINESS LOAN","PERSONAL"
"18","PP_LNPEL_BRE","PERSONAL LOAN","PERSONAL"
"19","UC_LNUCL_BRE","AUTO","AUTO"
"20","PP_LNPALHOL_BRE","PERSONAL LOAN","PERSONAL"
"21","LP_LNLAP","LAP","HOME"
"22","PC_LNPCP","LAP","HOME"
"23","PH_LNPHG_FIXED","HOME LOAN","HOME"
"24","HT_LNTOP_FLOATING","HOME LOAN","HOME"
"25","PH_LNPHG_FLOATING","HOME LOAN","HOME"
"26","IN_LNINS","LAP","HOME"
"27","PH_LNPHG_STEPDOWN","HOME LOAN","HOME"
"28","PH_LNPHG_POWERPLUS","HOME LOAN","HOME"
"29","LT_LNTOP","LAP","HOME"
"30","PH_LNPHG_POWERADVANTAGE","HOME LOAN","HOME"
"31","PH_LNPHG_POWERADVANTAGE_2","HOME LOAN","HOME"
"32","PH_LNPHG_POWERADVANTAGE_3","HOME LOAN","HOME"
"33","CV_COMM_VEHICLE","COMM VEHICLE","AUTO"
"34","CE_CONST_EQUIPMENT","COMM EQUIPMENT","AUTO"
"35","PH_LNPHG_PURVANKARA_2011","HOME LOAN","HOME"
"36","PH_LNPHG_AFFORDABLE HOUSING","HOME LOAN","HOME"
"37","PH_LNPHG_BUILDER SCHEME 2011","HOME LOAN","HOME"
"38","PH_LNPHG_PSU_FLOATING","HOME LOAN","HOME"
"39","PH_LNPHG_PSU_FIXED","HOME LOAN","HOME"
"40","PC_LNCCP","LAP","HOME"
"41","CV_SHRIRAM","COMM VEHICLE","HOME"
"42","PH_LNPHG_BANKING_REDUCING_MARKUP","HOME LOAN","AUTO"
"43","PH_LNPHG_EMI_WAIVER","HOME LOAN","HOME"
"44","CE_SHRIRAM","COMM EQUIPMENT","AUTO"
"45","PH_PSL_FLOATING","HOME LOAN","HOME"
"46","PH_PSL_FIXED","HOME LOAN","HOME"
"47","PH_PSL_STEPDOWN_FLOATING","HOME LOAN","HOME"
"48","PH_FLOAT_AGRI","HOME LOAN","HOME"
"49","PH_FIXED_STF","STAFF HOME LOAN","HOME"
"50","UV_LNUCV","COMM VEHICLE","AUTO"
"51","PH_PSL_FLOATING_BRE","HOME LOAN","HOME"
"52","PH_PSL_FIXED_BRE","HOME LOAN","HOME"
"53","PH_PSL_STEPDOWN_FLOATING_BRE","HOME LOAN","HOME"
"54","PH_RUSU_FLOATING_BRE","HOME LOAN","HOME"
"55","UE_LNUCE","COMM EQUIPMENT","AUTO"
"56","PH_LNPHG_FLOATING_BRE","HOME LOAN","HOME"
"57","PH_LNPHG_BANKING_REDUCING_MARKUP_BR","HOME LOAN","HOME"
"58","PH_LNPHG_EMI_WAIVER_BRE","HOME LOAN","HOME"
"59","PH_CREDIT_SUBSIDY_ASHA","HOME LOAN","HOME"
"60","PH_LNPHG_FLOTING_CREDIT_SUBSIDY_VAN","HOME LOAN","HOME"
"61","HT_LNTOP_FLOATING_VAN_BRE","HOME LOAN","HOME"
"62","PH_PSL_STEPDOWN_FLOTING_VAN_BRE","HOME LOAN","HOME"
"63","PH_LNPHG_STEPDOWN_VAN_BRE","HOME LOAN","HOME"
"64","PP_FINOMENA_BRE","PERSONAL LOAN","PERSONAL"
"65","EL_PRIN_MORT_BRE","EDUCATION LOAN","PERSONAL"
"66","EL_NO_MORT_BRE","EDUCATION LOAN","PERSONAL"
"67","PH_STEPDOWN_AGRI","HOME LOAN","HOME"
"68","PH_PSL_STEPDOWN_FIXED_BRE","HOME LOAN","HOME"
"69","PH_JAMMUKASHMIR_FLOOD_NHB_FIXED","HOME LOAN","HOME"
"70","PH_STEPDOWN_SENIORCITIZEN","HOME LOAN","HOME"
"71","PH_FIXED_AGRI","HOME LOAN","HOME"
"72","PH_PSL_STPDWN_FLTNG_SUB_ASHA_CR_SUB","HOME LOAN","HOME"
"73","PH_PSL_FLOATING_SUB_ASHA_CR_SUB","HOME LOAN","HOME"
"74","PH_FIXED_SENIORCITIZEN","HOME LOAN","HOME"
"75","PH_FLOATING_SENIORCITIZEN","HOME LOAN","HOME"
"76","PH_LNPHG_PSU_MULTI_GRID","HOME LOAN","HOME"
"77","PH_PSL_STEPDOWN_FIXED","HOME LOAN","HOME"
"78","EL_INT_PRIN_MORT_BRE","EDUCATION LOAN","PERSONAL"
"79","AU_STAFF","AUTO","AUTO"
"80","LP_LNLAP_BRE","LAP","HOME"
