<?xml version="1.0" encoding="US-ASCII" standalone="yes"?>
<objectListWrapper>
    <objects>
        <objectContainer>
            <project>
                <name>RA Disbursement Send mail after 30 minutes 05-12-2017</name>
                <description></description>
                <author>atmdlive3</author>
                <runs>
                    <run>
                        <blockSize>1</blockSize>
                        <campaign>
                            <active>true</active>
                            <businessRules/>
                            <campaignMaps>
                                <campaignMap>
                                    <blockSize>1</blockSize>
                                    <businessRule>
                                        <content># Rule.Definition={"moderationRule":false,"approveAllRule":false,"splitData":false,"splitRule":false,"splitRuleSuffix":"","joinRule":false,"joinRuleSuffix":"","streamingRule":false,"streamingRuleSuffix":"","namedRule":false,"namedRuleName":""}
package com.freedomoss.requester;

# list any import classes here.
import java.util.Map;
import java.util.ArrayList;
import com.freedomoss.objective.model.CompositeRuleContext;
import com.freedomoss.objective.model.CompositeRuleDataItemContext;
import org.slf4j.Logger;


# declare any global variables here
global CompositeRuleContext source
global Logger log
global Map params


rule "Rule context initialization"
auto-focus true
no-loop
agenda-group "initialization-group"
    when
        $ctx:CompositeRuleContext(initialized == false);
    then
        # insert processed facts into memory
        $ctx.updateWorkingMemory();
        # move to business rules
        kcontext.getKnowledgeRuntime().getAgenda().getAgendaGroup("calculation").setFocus();
end

# RuleOutcome.Definition={"outcomeId":"send mail","conditional":true,"reworkBySameWorker":false,"assignToSameWorker":false,"anableLogging":false,"sendRejectNotification":false,"assignToAnyWorker":false,"approveRelatedAssignments":false,"rejectRelatedAssignments":false,"renameAutomationAnswerItem":false,"conditions":[{"fieldName":"temp1","value":"true","operator":"EQ"}],"customConditions":[]}
rule "1. Send records to 'send mail' when temp1 EQ 'true'"
agenda-group "calculation"
dialect "mvel"
salience 100
    when
        $ctx:CompositeRuleContext(initialized == true);
        $item:CompositeRuleDataItemContext();
        eval($item.checkValue("temp1", "EQ", "true"));

    then
        $ctx.sendResultTo("send mail", $item);
end

# RuleOutcome.Definition={"outcomeId":"end BP","conditional":true,"reworkBySameWorker":false,"assignToSameWorker":false,"anableLogging":false,"sendRejectNotification":false,"assignToAnyWorker":false,"approveRelatedAssignments":false,"rejectRelatedAssignments":false,"renameAutomationAnswerItem":false,"conditions":[{"fieldName":"temp1","value":"true","operator":"NE"}],"customConditions":[]}
rule "2. Send records to 'end BP' when temp1 NE 'true'"
agenda-group "calculation"
dialect "mvel"
salience 100
    when
        $ctx:CompositeRuleContext(initialized == true);
        $item:CompositeRuleDataItemContext();
        eval($item.checkValue("temp1", "NE", "true"));

    then
        $ctx.sendResultTo("end BP", $item);
end



rule "Send unprocessed result to unconditional outcome(s)"
agenda-group "calculation"
dialect "mvel"
salience 80
    when
        $ctx:CompositeRuleContext(initialized == true);
        $item:CompositeRuleDataItemContext();
    then
        $ctx.sendResultToUnconditionalOutcomes($item, true);
end</content>
                                        <name>Business Rule</name>
                                        <ruleType>WORKFLOW_RULE</ruleType>
                                        <ruleTypeUI>Composite</ruleTypeUI>
                                        <uuid>755bb6ec-37d8-46ed-8ed3-a0b8e827d760</uuid>
                                        <workflowRuleMode>SIMPLE</workflowRuleMode>
                                    </businessRule>
                                    <campaign>
                                        <active>false</active>
                                        <businessRules/>
                                        <campaignMaps/>
                                        <campaigns/>
                                        <executingType>MACHINE</executingType>
                                        <goldBucketBlockSize>0</goldBucketBlockSize>
                                        <goldRatio>0</goldRatio>
                                        <goldSource>Empty</goldSource>
                                        <goldType>Percentage</goldType>
                                        <machineConfig>
                                            <answers/>
                                            <code></code>
                                            <content>&lt;?xml version="1.0" encoding="UTF-8"?&gt;
&lt;config xmlns="http://web-harvest.sourceforge.net/schema/1.0/config"&gt;
	
	&lt;var-def name="end_time"&gt;
		 &lt;xpath expression="//row/end_time/text()"&gt;
			&lt;datastore name="RA_DISBURSEMENT_MASTER_DATA" max="1"&gt;
				SELECT end_time from @this where process_name='CAS';
			&lt;/datastore&gt;
		&lt;/xpath&gt; 
	&lt;/var-def&gt;


	&lt;script&gt;&lt;![CDATA[
		import java.util.*;
		import java.util.Date;
		import java.text.DateFormat;
		import java.util.ArrayList;
		import java.text.SimpleDateFormat;
		import java.time.format.DateTimeFormatter;
		import java.time.LocalDate;
		import java.time.ZoneId;
		import java.time.ZonedDateTime;
		import java.util.Calendar;
		temp1="false";
			end_hr=end_time.toString().split(":")[0];
			end_min=end_time.toString().split(":")[1];
			Calendar cal = Calendar.getInstance();
			cal.set(Calendar.HOUR_OF_DAY,Integer.parseInt(end_hr));
			cal.set(Calendar.MINUTE,Integer.parseInt(end_min));
			cal.set(Calendar.SECOND,0);
			cal.set(Calendar.MILLISECOND,0);
			Calendar cal1 = Calendar.getInstance();
			ZoneId z = ZoneId.of("Asia/Kolkata");
			LocalDate localDate = LocalDate.now(z);
			ZonedDateTime zonedDateTime = ZonedDateTime.now(z);
			String new_parsing_Date = ""+DateTimeFormatter.ofPattern("dd-MM-yyyy").format(localDate);
			int hour = zonedDateTime.getHour();
			int	minutes = zonedDateTime.getMinute();
			cal1.set(Calendar.HOUR_OF_DAY,hour);
			cal1.set(Calendar.MINUTE,minutes);
			log.warn("cal "+cal);
			log.warn("cal1 "+cal1);
			log.warn("************"+cal.after(cal1));
			while(cal.after(cal1)){
				try{
					temp1="true";
Thread.sleep(1800000);
				}catch(Exception e){}
				break;
			}


		log.warn("temp1.toString()"+temp1.toString());

	]]&gt;&lt;/script&gt;
	&lt;export include-original-data="false"&gt;
		&lt;single-column name="temp1" value="${temp1}"/&gt;
	&lt;/export&gt;
&lt;/config&gt;</content>
                                            <description></description>
                                            <includedConfigs/>
                                            <inclusionCode>6b90f3ea-91a0-42e2-8437-ae0a3f2bc84e</inclusionCode>
                                            <jsonParams>{"configXMLModified":"true"}</jsonParams>
                                            <machineWorkSetting>
                                                <category>
                                                    <automation>false</automation>
                                                    <description></description>
                                                    <enabled>true</enabled>
                                                    <executingType>MACHINE</executingType>
                                                    <name>Other</name>
                                                    <private>false</private>
                                                    <publicId>dd92f240-144b-4fef-8476-4ec0acbc1105</publicId>
                                                </category>
                                                <contentType>BLANK</contentType>
                                                <description></description>
                                                <enabled>true</enabled>
                                                <name>Miscellaneous Tasks</name>
                                                <publicId>26e6e095-00bb-43fa-8c34-af0b18e71ac9</publicId>
                                                <version>
                                                    <componentUuid>26e6e095-00bb-43fa-8c34-af0b18e71ac9</componentUuid>
                                                    <incrementalVersion>1.0</incrementalVersion>
                                                    <lastInChain>true</lastInChain>
                                                    <lastModified>2017-11-15T15:35:27Z</lastModified>
                                                    <versionUuid>26e6e095-00bb-43fa-8c34-af0b18e71ac9</versionUuid>
                                                </version>
                                                <answers/>
                                                <machineWorkSettingType>BASIC</machineWorkSettingType>
                                                <template>
                                                    <content>&lt;?xml version="1.0" encoding="UTF-8"?&gt;
&lt;config charset="UTF-8"&gt;
	&lt;export include-original-data="true"&gt;
	&lt;/export&gt;
&lt;/config&gt;</content>
                                                    <name>Blank</name>
                                                    <origination>CREATED_MANUALLY</origination>
                                                    <status>ACTIVE</status>
                                                    <type>BASE_MACHINE</type>
                                                    <uuid>8f04bd99-7f51-4796-a528-d1a7c9ccfbc4</uuid>
                                                    <version>
                                                        <componentUuid>8f04bd99-7f51-4796-a528-d1a7c9ccfbc4</componentUuid>
                                                        <incrementalVersion>1.0</incrementalVersion>
                                                        <lastInChain>true</lastInChain>
                                                        <lastModified>2012-12-27T00:00:00Z</lastModified>
                                                        <versionUuid>8f04bd99-7f51-4796-a528-d1a7c9ccfbc4</versionUuid>
                                                    </version>
                                                </template>
                                            </machineWorkSetting>
                                            <machineWorkSettingType>BASIC</machineWorkSettingType>
                                            <name>Check for mail sending schedule</name>
                                            <machineConfigOptions/>
                                            <sourceType>MANUAL</sourceType>
                                            <template>
                                                <content>&lt;?xml version="1.0" encoding="UTF-8"?&gt;
&lt;config charset="UTF-8"&gt;
	&lt;export include-original-data="true"&gt;
	&lt;/export&gt;
&lt;/config&gt;</content>
                                                <name>Blank</name>
                                                <origination>CREATED_MANUALLY</origination>
                                                <status>ACTIVE</status>
                                                <type>BASE_MACHINE</type>
                                                <uuid>8f04bd99-7f51-4796-a528-d1a7c9ccfbc4</uuid>
                                                <version>
                                                    <componentUuid>8f04bd99-7f51-4796-a528-d1a7c9ccfbc4</componentUuid>
                                                    <incrementalVersion>1.0</incrementalVersion>
                                                    <lastInChain>true</lastInChain>
                                                    <lastModified>2012-12-27T00:00:00Z</lastModified>
                                                    <versionUuid>8f04bd99-7f51-4796-a528-d1a7c9ccfbc4</versionUuid>
                                                </version>
                                            </template>
                                            <uuid>6b90f3ea-91a0-42e2-8437-ae0a3f2bc84e</uuid>
                                            <version>
                                                <componentUuid>476d042c-d736-403b-88d5-70fbadda9ff5</componentUuid>
                                                <incrementalVersion>1.2</incrementalVersion>
                                                <lastInChain>true</lastInChain>
                                                <lastModified>2017-11-21T14:42:38Z</lastModified>
                                                <versionUuid>328f8ed3-2794-4828-a1cf-9623360d80be</versionUuid>
                                            </version>
                                        </machineConfig>
                                        <moderation>false</moderation>
                                        <origination>CREATED_AUTOMATICALLY</origination>
                                        <requiresData>true</requiresData>
                                        <status>ACTIVE</status>
                                        <streamComplexRunThreshold>1</streamComplexRunThreshold>
                                        <streamTimeInterval>Immediately</streamTimeInterval>
                                        <streamTimeIntervalValue>0</streamTimeIntervalValue>
                                        <streamValueType>Tasks</streamValueType>
                                        <title>Check for mail sending schedule</title>
                                        <type>SINGLE</type>
                                        <uuid>7e2ec30d-2647-44c4-9f90-3364deefa191</uuid>
                                        <validWorkflow>false</validWorkflow>
                                        <version>
                                            <componentUuid>c99eeee8-a09f-41ef-95c0-e44d3df2921b</componentUuid>
                                            <incrementalVersion>1.3</incrementalVersion>
                                            <lastInChain>true</lastInChain>
                                            <lastModified>2017-11-21T14:42:40Z</lastModified>
                                            <versionUuid>79a68e24-12f4-42d2-837d-70d7aa902131</versionUuid>
                                        </version>
                                        <workSettingBase>false</workSettingBase>
                                    </campaign>
                                    <deleted>false</deleted>
                                    <stepIndex>1</stepIndex>
                                    <stepPosition>START</stepPosition>
                                    <uuid>5d300a36-0f56-42b3-a2b2-5de496039a45</uuid>
                                </campaignMap>
                                <campaignMap>
                                    <blockSize>1</blockSize>
                                    <businessRule>
                                        <content># Rule.Definition={"moderationRule":false,"approveAllRule":false,"splitData":false,"splitRule":false,"splitRuleSuffix":"","joinRule":false,"joinRuleSuffix":"","streamingRule":false,"streamingRuleSuffix":"","namedRule":false,"namedRuleName":""}
package com.freedomoss.requester;

# list any import classes here.
import java.util.Map;
import java.util.ArrayList;
import com.freedomoss.objective.model.CompositeRuleContext;
import com.freedomoss.objective.model.CompositeRuleDataItemContext;
import org.slf4j.Logger;


# declare any global variables here
global CompositeRuleContext source
global Logger log
global Map params


rule "Rule context initialization"
auto-focus true
no-loop
agenda-group "initialization-group"
    when
        $ctx:CompositeRuleContext(initialized == false);
    then
        # insert processed facts into memory
        $ctx.updateWorkingMemory();
        # move to business rules
        kcontext.getKnowledgeRuntime().getAgenda().getAgendaGroup("calculation").setFocus();
end

# RuleOutcome.Definition={"outcomeId":"end the BP","conditional":true,"reworkBySameWorker":false,"assignToSameWorker":false,"anableLogging":false,"sendRejectNotification":false,"assignToAnyWorker":false,"approveRelatedAssignments":false,"rejectRelatedAssignments":false,"renameAutomationAnswerItem":false,"conditions":[{"fieldName":"var1","value":"1","operator":"NE"}],"customConditions":[]}
rule "1. Send records to 'end the BP' when var1 NE '1'"
agenda-group "calculation"
dialect "mvel"
salience 100
    when
        $ctx:CompositeRuleContext(initialized == true);
        $item:CompositeRuleDataItemContext();
        eval($item.checkValue("var1", "NE", "1"));

    then
        $ctx.sendResultTo("end the BP", $item);
end

# RuleOutcome.Definition={"outcomeId":"check again","conditional":true,"reworkBySameWorker":false,"assignToSameWorker":false,"anableLogging":false,"sendRejectNotification":false,"assignToAnyWorker":false,"approveRelatedAssignments":false,"rejectRelatedAssignments":false,"renameAutomationAnswerItem":false,"conditions":[{"fieldName":"var1","value":"1","operator":"EQ"}],"customConditions":[]}
rule "2. Send records to 'check again' when var1 EQ '1'"
agenda-group "calculation"
dialect "mvel"
salience 100
    when
        $ctx:CompositeRuleContext(initialized == true);
        $item:CompositeRuleDataItemContext();
        eval($item.checkValue("var1", "EQ", "1"));

    then
        $ctx.sendResultTo("check again", $item);
end



rule "Send unprocessed result to unconditional outcome(s)"
agenda-group "calculation"
dialect "mvel"
salience 80
    when
        $ctx:CompositeRuleContext(initialized == true);
        $item:CompositeRuleDataItemContext();
    then
        $ctx.sendResultToUnconditionalOutcomes($item, true);
end</content>
                                        <name>Business Rule</name>
                                        <ruleType>WORKFLOW_RULE</ruleType>
                                        <ruleTypeUI>Composite</ruleTypeUI>
                                        <uuid>dd47874a-fa99-4c5d-aa4b-8ac401bad4c0</uuid>
                                        <workflowRuleMode>SIMPLE</workflowRuleMode>
                                    </businessRule>
                                    <campaign>
                                        <active>false</active>
                                        <businessRules/>
                                        <campaignMaps/>
                                        <campaigns/>
                                        <executingType>MACHINE</executingType>
                                        <goldBucketBlockSize>0</goldBucketBlockSize>
                                        <goldRatio>0</goldRatio>
                                        <goldSource>Empty</goldSource>
                                        <goldType>Percentage</goldType>
                                        <machineConfig>
                                            <answers/>
                                            <code></code>
                                            <content>&lt;?xml version="1.0" encoding="UTF-8"?&gt;
&lt;config xmlns="http://web-harvest.sourceforge.net/schema/1.0/config"&gt;

&lt;var-def name="ra_records_datastore"&gt;
    RA_DISBURSEMENT_RECORDS_ASSIGNED_CAPABILITY
	&lt;/var-def&gt;	
  &lt;var-def name="fields"&gt;
		&lt;datastore name="${ra_records_datastore}"&gt;
			select * from @this where overall_status IN ('processed','Processed','Rejected','Reversed','reversed','rejected','to be stage reversed') AND email_sent_status IS NULL;
		&lt;/datastore&gt;
	&lt;/var-def&gt;
   &lt;var-def name="from_mail"&gt;
    &lt;xpath expression="//row/from_mail/text()"&gt;
		&lt;datastore name="RA_DISBURSEMENT_MASTER_DATA" max="1"&gt;
			select from_mail from @this where process_name='CAS';
		&lt;/datastore&gt;
    &lt;/xpath&gt;
	&lt;/var-def&gt;
    &lt;var-def name="to_mail"&gt;
    &lt;xpath expression="//row/to_mail/text()"&gt;
		&lt;datastore name="RA_DISBURSEMENT_MASTER_DATA" max="1"&gt;
			select to_mail from @this where process_name='CAS';
		&lt;/datastore&gt;
    &lt;/xpath&gt;
	&lt;/var-def&gt;
	&lt;script&gt;&lt;![CDATA[
		List source_list = new ArrayList();
		List mail_body2=new ArrayList();
		int srl_no=1;
		temp_var="";
		String new_parsing_Date1="";
	]]&gt;&lt;/script&gt;

	&lt;case&gt;
		&lt;if condition="${!fields.toString().isEmpty()}"&gt;
			&lt;loop item="count1"&gt;
				&lt;list&gt;
					&lt;var name="fields" /&gt;
				&lt;/list&gt;
				&lt;body&gt;
					&lt;var-def name="jsonRecord"&gt;
						&lt;xml-to-json&gt;
							&lt;var name="count1" /&gt;
						&lt;/xml-to-json&gt;
					&lt;/var-def&gt;
					&lt;log level="warn" message="Row :${jsonRecord}" /&gt;
					
						&lt;script&gt;&lt;![CDATA[
							import com.google.gson.JsonParser;
							import com.google.gson.JsonObject;
							import com.google.gson.JsonArray;
							import com.google.gson.JsonElement;
							import java.util.Map;
							JsonParser jp = new JsonParser();
							Object obj = jp.parse(jsonRecord.toString());
							JsonObject jo = obj.getAsJsonObject("row");
							Map map = new HashMap();							
							retail_asset_center=jo.get("retail_asset_center");//.toString().replaceAll("\"","");
							customer_name= jo.get("customer_name");//.toString().replaceAll("\"","");
							scheme=jo.get("scheme");//.toString().replaceAll("\"","");
							app_id= jo.get("app_id");//.toString().replaceAll("\"","");
							discrepancy_remarks=jo.get("discrepancy_remarks");//.toString().replaceAll("\"","");
							error_code= jo.get("error_code");//.toString().replaceAll("\"","");
							amount_sanctioned=jo.get("amount_sanctioned");//.toString().replaceAll("\"","");
							overall_status= jo.get("overall_status");//.toString().replaceAll("\"","");
							process_exception= jo.get("process_exception");//.toString().replaceAll("\"","");
							disbursal_initiating_user=jo.get("disbursal_initiating_user");//.toString().replaceAll("\"","");
							disbursal_initiation_date=jo.get("disbursal_initiation_date");//.toString().replaceAll("\"","");
							username_cas=jo.get("username_cas");//.toString().replaceAll("\"","");
							rpa1_start_time=jo.get("rpa1_start_time");
							rpa2_start_time=jo.get("rpa2_start_time");
							rpa1_end_time=jo.get("rpa1_end_time");
							rpa2_end_time=jo.get("rpa2_end_time");
							retry_count=jo.get("retry_count");
							map.put("retail_asset_center", retail_asset_center);
							map.put("customer_name", customer_name);
							map.put("scheme", scheme);
							map.put("app_id", app_id);
							map.put("discrepancy_remarks", discrepancy_remarks);
							map.put("error_code", error_code);
							map.put("amount_sanctioned", amount_sanctioned);
							map.put("overall_status", overall_status);
							map.put("process_exception", process_exception);
							map.put("disbursal_initiating_user", disbursal_initiating_user);
							map.put("disbursal_initiation_date", disbursal_initiation_date);
							map.put("username_cas", username_cas);
							source_list.add(map);
							String dynamic_row="&lt;tr&gt;&lt;td&gt;"+srl_no+"&lt;/td&gt;&lt;td&gt;"+app_id+"&lt;/td&gt;&lt;td&gt;"+retail_asset_center+"&lt;/td&gt;&lt;td&gt;"+customer_name+"&lt;/td&gt;&lt;td&gt;"+scheme+"&lt;/td&gt;&lt;td&gt;"+discrepancy_remarks+"&lt;/td&gt;&lt;td&gt;"+error_code+"&lt;/td&gt;&lt;td&gt;"+amount_sanctioned+"&lt;/td&gt;&lt;td&gt;"+overall_status+"&lt;/td&gt;&lt;td&gt;"+process_exception+"&lt;/td&gt;&lt;td&gt;"+disbursal_initiating_user+"&lt;/td&gt;&lt;td&gt;"+disbursal_initiation_date+"&lt;/td&gt;&lt;td&gt;"+username_cas+"&lt;/td&gt;&lt;td&gt;"+rpa1_start_time+"&lt;/td&gt;&lt;td&gt;"+rpa1_end_time+"&lt;/td&gt;&lt;td&gt;"+rpa2_start_time+"&lt;/td&gt;&lt;td&gt;"+rpa2_end_time+"&lt;/td&gt;&lt;td&gt;"+retry_count+"&lt;/td&gt;&lt;td&gt;&lt;/td&gt;&lt;/tr&gt;";
							log.warn("dynamic row is :\n"+dynamic_row);
							mail_body2.add(dynamic_row);
							temp_var=""+temp_var+""+dynamic_row;
							log.warn("temp_var is 1 "+temp_var);
							srl_no++;
						]]&gt;&lt;/script&gt;
          &lt;var-def name="data"&gt;
            &lt;script return="source_list"/&gt;
		 &lt;/var-def&gt;
				&lt;/body&gt;
			&lt;/loop&gt;
      &lt;var-def name="record_count"&gt;
        	&lt;script return="srl_no"&gt;&lt;![CDATA[
				srl_no=srl_no-1;
			]]&gt;&lt;/script&gt;
      &lt;/var-def&gt;
      &lt;log level="warn" message="temp_var is1.5 ${temp_var}" /&gt;
		&lt;/if&gt;
	&lt;/case&gt;
  &lt;log level="warn" message="temp_var is2 ${temp_var}" /&gt;
	&lt;log level="warn" message="list of maps is ${source_list}"&gt;&lt;/log&gt;
	&lt;var-def name="mail_body1"&gt;&lt;![CDATA[
							&lt;table border="1"cellpadding="1" cellspacing="1" style="width:500px"&gt;
							&lt;thead&gt;
							&lt;tr&gt;
							&lt;th scope="col"&gt;Sl No.
							&lt;/th&gt;
							&lt;th scope="col"&gt;Application id
							&lt;/th&gt;
&lt;th scope="col"&gt;retail_asset_center
&lt;/th&gt;
							&lt;th scope="col"&gt;Customer Name
							&lt;/th&gt;
&lt;th scope="col"&gt;Scheme
&lt;/th&gt;
							&lt;th scope="col"&gt;Discrepancy
							&lt;/th&gt;
&lt;th scope="col"&gt;Error
&lt;/th&gt;
							&lt;th scope="col"&gt;Amount Sanctioned
							&lt;/th&gt;
&lt;th scope="col"&gt;Status
&lt;/th&gt;
							&lt;th scope="col"&gt;Process Exception
							&lt;/th&gt;
&lt;th scope="col"&gt;Disbursal initiating user(App. History)
							&lt;/th&gt;
&lt;th scope="col"&gt;Disbursal initiation start date(App. History)
							&lt;/th&gt;
&lt;th scope="col"&gt;Robot Username
							&lt;/th&gt;
							&lt;th scope="col"&gt;RPA1 Start Time
							&lt;/th&gt;
							&lt;th scope="col"&gt;RPA1 End Time
							&lt;/th&gt;
&lt;th scope="col"&gt;RPA2 Start Time
							&lt;/th&gt;
							&lt;th scope="col"&gt;RPA2 End Time
							&lt;/th&gt;
&lt;th scope="col"&gt;Retry Count
							&lt;/th&gt;
&lt;th scope="col"&gt;Comments/Remarks (Optional)
							&lt;/th&gt;
&lt;/tr&gt;
							&lt;/thead&gt;
							&lt;/table&gt;
						]]&gt;&lt;/var-def&gt;
	&lt;log level="warn" message="mail_body1 is ${mail_body1}"&gt;&lt;/log&gt;
	&lt;!-- &lt;var-def name="mail_subject"&gt;
    &lt;template&gt;CAS-Flow RA MIS DATA&lt;/template&gt;
  &lt;/var-def&gt; --&gt;
	&lt;var-def name="mail_content"&gt;
		&lt;script return="mail_body"&gt;&lt;![CDATA[
			mail_body1_str=""+mail_body1+"&lt;tbody&gt;";
			mail_body1_str=mail_body1_str.replace("&lt;/table&gt;","");
			mail_body = mail_body1_str+""+mail_body2;

			mail_body = mail_body.replaceAll("\\]","")
					.replaceAll("\\[","")
					.replaceAll("\\}","").replaceAll(",","").replaceAll("\"","");
			
			mail_body=mail_body+"&lt;/tbody&gt;&lt;/table&gt;";
			log.warn("Table_Body_Content_for_Mail ::\n"+mail_body);
		]]&gt;&lt;/script&gt;
	&lt;/var-def&gt;
	&lt;log level="content of mail is ${mail_content}"&gt;&lt;/log&gt;
	&lt;log level="warn" message='table is: ${data}'&gt;&lt;/log&gt;
	&lt;script&gt;&lt;![CDATA[ 
	import java.time.format.DateTimeFormatter;
						import java.time.LocalDate;
						import java.time.ZoneId;
						import java.time.ZonedDateTime;
						ZoneId z1 = ZoneId.of("Asia/Kolkata");
						LocalDate localDate1 = LocalDate.now(z1);
						ZonedDateTime zonedDateTime1 = ZonedDateTime.now(z1);
						new_parsing_Date1 = ""+DateTimeFormatter.ofPattern("dd-MM-yyyy").format(localDate1);
						String hour1 = ""+zonedDateTime1.getHour();
						String minutes1 = ""+zonedDateTime1.getMinute();
						String new_parsing_Time1 = hour1+":"+minutes1;
						String timeStamp=new_parsing_Date1+" "+new_parsing_Time1;
						mail_subject="RA_DISBURSEMENT_CAS_REGULAR_MIS_"+timeStamp+"";

						log.warn("timestamp is "+timeStamp);
						log.warn("mail_subject is "+mail_subject);

	]]&gt;&lt;/script&gt;
  &lt;var-def name="todays_date"&gt;
  	&lt;script return="todays_date1"&gt;&lt;![CDATA[ 
		todays_date1=""+new_parsing_Date1+"%";
	]]&gt;&lt;/script&gt;
  &lt;/var-def&gt;
  &lt;var-def name="total_processed_count_today"&gt;
   	 &lt;xpath expression="//row/count1/text()"&gt;
  		&lt;datastore name="RA_DISBURSEMENT_RECORDS_ASSIGNED_CAPABILITY"&gt;
   			 SELECT count(app_id) as count1 from @this where overall_status in ('processed','Rejected','to be stage reversed','Reversed') and rpa1_start_time like ('${todays_date}');  
 		&lt;/datastore&gt;
     &lt;/xpath&gt;
   &lt;/var-def&gt;
   &lt;var-def name="total_pending_pl_cases"&gt;
    &lt;xpath expression="//row/count2/text()"&gt;
  	&lt;datastore name="RA_DISBURSEMENT_RECORDS_ASSIGNED_CAPABILITY"&gt;
   		 SELECT count(app_id) as count2 from @this where loan_type='PERSONAL' and overall_status not in ('processed','Rejected','to be stage reversed','Reversed');
 	 &lt;/datastore&gt;
     &lt;/xpath&gt;
    &lt;/var-def&gt;
  	 &lt;var-def name="total_pending_al_cases"&gt;
    &lt;xpath expression="//row/count3/text()"&gt;
  	&lt;datastore name="RA_DISBURSEMENT_RECORDS_ASSIGNED_CAPABILITY"&gt;
   		 SELECT count(app_id) as count3 from @this where loan_type='AUTO' and overall_status not in ('processed','Rejected','to be stage reversed','Reversed');
 	 &lt;/datastore&gt;
     &lt;/xpath&gt;
    &lt;/var-def&gt;
  &lt;log level="warn" message="temp_var is ${temp_var}" /&gt;
  &lt;case&gt;
  &lt;if condition="${!temp_var.toString().isEmpty()}"&gt;
&lt;mail smtp-host="10.9.9.28" smtp-port="2255" type="html"
from="${from_mail.toString()}" to="${to_mail.toString()}" subject="${mail_subject}"&gt;
Hi team,
&lt;![CDATA[&lt;br/&gt;]]&gt;
    Please find the below MIS for the RA Disbursement Process - CAS Flow.
&lt;![CDATA[&lt;br/&gt;]]&gt;
        Record Count for this duration is : &lt;var name="record_count"/&gt;
&lt;![CDATA[&lt;br/&gt;]]&gt;        
        Number of records processed today is : &lt;var name="total_processed_count_today"/&gt;
&lt;![CDATA[&lt;br/&gt;]]&gt; 
        Total count of pending records of Personal Loans(as per last recorded from DI report) is : &lt;var name="total_pending_pl_cases"/&gt;
&lt;![CDATA[&lt;br/&gt;]]&gt; 
  		Total count of pending records of Auto Loans(as per last recorded from DI report) is : &lt;var name="total_pending_al_cases"/&gt;
&lt;![CDATA[&lt;br/&gt;]]&gt; 
Details:
&lt;![CDATA[&lt;br/&gt;]]&gt;&lt;![CDATA[ &lt;br/&gt;]]&gt;Process name: RA Disbursement
&lt;var name="mail_content" /&gt;
&lt;![CDATA[&lt;br/&gt;]]&gt;
Thanks
&lt;/mail&gt;
&lt;/if&gt;&lt;/case&gt;
&lt;loop item="getRecord"&gt;
				&lt;list&gt;
					&lt;var name="fields" /&gt;
				&lt;/list&gt;
				&lt;body&gt;
					&lt;var-def name="jsonRecord"&gt;
						&lt;xml-to-json&gt;
							&lt;var name="getRecord" /&gt;
						&lt;/xml-to-json&gt;
					&lt;/var-def&gt;
					&lt;log level="warn" message="Row :${jsonRecord}" /&gt;
					&lt;var-def name="data"&gt;
						&lt;script return="source_list"&gt;&lt;![CDATA[
							import com.google.gson.JsonParser;
							import com.google.gson.JsonObject;
							import com.google.gson.JsonArray;
							import com.google.gson.JsonElement;
							import java.util.Map;
							JsonParser jp = new JsonParser();
							Object obj = jp.parse(jsonRecord.toString());
							JsonObject jo = obj.getAsJsonObject("row");
							Map map = new HashMap();							
							new_app_id=jo.get("app_id");

						]]&gt;&lt;/script&gt;
					&lt;/var-def&gt;
					&lt;datastore name="${ra_records_datastore}"&gt;
						UPDATE @this set email_sent_status='Y' where email_sent_status IS NULL and app_id='${new_app_id}';
					&lt;/datastore&gt;
				&lt;/body&gt;
			&lt;/loop&gt;
			 
  &lt;script&gt;&lt;![CDATA[
//Thread.sleep(1800000);
]]&gt;&lt;/script&gt;
		&lt;!-- &lt;![CDATA[ &lt;/td&gt; &lt;td style="width: 10%;height:13px;text-align: center;"&gt;&amp;nbsp; 
			]] &lt;var name="username"/&gt;&lt;![CDATA[ &lt;/td&gt; &lt;td style="width: 10%;height:13px;text-align: 
			center;"&gt;&amp;nbsp; ]] &lt;var name="password"/&gt;&lt;![CDATA[ &lt;/td&gt; &lt;td style="width: 
			10%;height:13px;text-align: center;"&gt;&amp;nbsp; ]]&gt;&lt;var name="app_id" /&gt;&lt;![CDATA[ 
			&lt;/td&gt; &lt;td style="width: 10%;height:13px;text-align: center;"&gt;&amp;nbsp; ]]&gt; --&gt;
  
	&lt;export include-original-data="true"&gt;
		&lt;single-column name="url" value="${url}" /&gt;
		&lt;single-column name="username" value="${username}" /&gt;
		&lt;single-column name="password" value="${password}" /&gt;
		&lt;single-column name="app_id" value="${app_id}" /&gt;
    	&lt;single-column name="var1" value="1" /&gt;
	&lt;/export&gt;

&lt;/config&gt;
	</content>
                                            <description></description>
                                            <includedConfigs/>
                                            <inclusionCode>6c0c1133-efeb-4d40-bd9f-5fd50df8489d</inclusionCode>
                                            <jsonParams>{"configXMLModified":"true"}</jsonParams>
                                            <machineWorkSetting>
                                                <category>
                                                    <automation>false</automation>
                                                    <description></description>
                                                    <enabled>true</enabled>
                                                    <executingType>MACHINE</executingType>
                                                    <name>Other</name>
                                                    <private>false</private>
                                                    <publicId>dd92f240-144b-4fef-8476-4ec0acbc1105</publicId>
                                                </category>
                                                <contentType>BLANK</contentType>
                                                <description></description>
                                                <enabled>true</enabled>
                                                <name>Miscellaneous Tasks</name>
                                                <publicId>26e6e095-00bb-43fa-8c34-af0b18e71ac9</publicId>
                                                <version>
                                                    <componentUuid>26e6e095-00bb-43fa-8c34-af0b18e71ac9</componentUuid>
                                                    <incrementalVersion>1.0</incrementalVersion>
                                                    <lastInChain>true</lastInChain>
                                                    <lastModified>2017-11-15T15:35:27Z</lastModified>
                                                    <versionUuid>26e6e095-00bb-43fa-8c34-af0b18e71ac9</versionUuid>
                                                </version>
                                                <answers/>
                                                <machineWorkSettingType>BASIC</machineWorkSettingType>
                                                <template>
                                                    <content>&lt;?xml version="1.0" encoding="UTF-8"?&gt;
&lt;config charset="UTF-8"&gt;
	&lt;export include-original-data="true"&gt;
	&lt;/export&gt;
&lt;/config&gt;</content>
                                                    <name>Blank</name>
                                                    <origination>CREATED_MANUALLY</origination>
                                                    <status>ACTIVE</status>
                                                    <type>BASE_MACHINE</type>
                                                    <uuid>8f04bd99-7f51-4796-a528-d1a7c9ccfbc4</uuid>
                                                    <version>
                                                        <componentUuid>8f04bd99-7f51-4796-a528-d1a7c9ccfbc4</componentUuid>
                                                        <incrementalVersion>1.0</incrementalVersion>
                                                        <lastInChain>true</lastInChain>
                                                        <lastModified>2012-12-27T00:00:00Z</lastModified>
                                                        <versionUuid>8f04bd99-7f51-4796-a528-d1a7c9ccfbc4</versionUuid>
                                                    </version>
                                                </template>
                                            </machineWorkSetting>
                                            <machineWorkSettingType>BASIC</machineWorkSettingType>
                                            <name>RA_mail_code_table</name>
                                            <machineConfigOptions/>
                                            <sourceType>MANUAL</sourceType>
                                            <template>
                                                <content>&lt;?xml version="1.0" encoding="UTF-8"?&gt;
&lt;config charset="UTF-8"&gt;
	&lt;export include-original-data="true"&gt;
	&lt;/export&gt;
&lt;/config&gt;</content>
                                                <name>Blank</name>
                                                <origination>CREATED_MANUALLY</origination>
                                                <status>ACTIVE</status>
                                                <type>BASE_MACHINE</type>
                                                <uuid>8f04bd99-7f51-4796-a528-d1a7c9ccfbc4</uuid>
                                                <version>
                                                    <componentUuid>8f04bd99-7f51-4796-a528-d1a7c9ccfbc4</componentUuid>
                                                    <incrementalVersion>1.0</incrementalVersion>
                                                    <lastInChain>true</lastInChain>
                                                    <lastModified>2012-12-27T00:00:00Z</lastModified>
                                                    <versionUuid>8f04bd99-7f51-4796-a528-d1a7c9ccfbc4</versionUuid>
                                                </version>
                                            </template>
                                            <uuid>6c0c1133-efeb-4d40-bd9f-5fd50df8489d</uuid>
                                            <version>
                                                <componentUuid>0bf17ee8-4874-4925-a161-aaef614df4e6</componentUuid>
                                                <incrementalVersion>1.1</incrementalVersion>
                                                <lastInChain>true</lastInChain>
                                                <lastModified>2017-12-05T06:09:08Z</lastModified>
                                                <versionUuid>4b93fe4b-8d15-473e-a5e3-1e7599a5f524</versionUuid>
                                            </version>
                                        </machineConfig>
                                        <moderation>false</moderation>
                                        <origination>CREATED_AUTOMATICALLY</origination>
                                        <requiresData>true</requiresData>
                                        <status>ACTIVE</status>
                                        <streamComplexRunThreshold>1</streamComplexRunThreshold>
                                        <streamTimeInterval>Immediately</streamTimeInterval>
                                        <streamTimeIntervalValue>0</streamTimeIntervalValue>
                                        <streamValueType>Tasks</streamValueType>
                                        <title>RA_mail_code_table</title>
                                        <type>SINGLE</type>
                                        <uuid>7e948c42-75b3-40fe-ba8e-eafca65d6641</uuid>
                                        <validWorkflow>false</validWorkflow>
                                        <version>
                                            <componentUuid>63622893-9624-447d-be1a-8ae5bb53b11f</componentUuid>
                                            <incrementalVersion>1.1</incrementalVersion>
                                            <lastInChain>true</lastInChain>
                                            <lastModified>2017-12-05T06:09:08Z</lastModified>
                                            <versionUuid>f8f11e9a-4d76-464f-b674-8a798df998c6</versionUuid>
                                        </version>
                                        <workSettingBase>false</workSettingBase>
                                    </campaign>
                                    <deleted>false</deleted>
                                    <stepIndex>2</stepIndex>
                                    <stepPosition>INTERMEDIATE</stepPosition>
                                    <uuid>a1d9c72a-b771-4532-b9ef-8c421c8f06eb</uuid>
                                </campaignMap>
                                <campaignMap>
                                    <blockSize>1</blockSize>
                                    <businessRule>
                                        <content>#RuleContext.APPROVE_ALL_RULE</content>
                                        <name>Approve All</name>
                                        <ruleType>WORKFLOW_RULE</ruleType>
                                        <ruleTypeUI>Composite</ruleTypeUI>
                                        <uuid>3a47e801-c5a9-4dc0-9f7a-498f6f85d334</uuid>
                                        <workflowRuleMode>SIMPLE</workflowRuleMode>
                                    </businessRule>
                                    <campaign>
                                        <active>false</active>
                                        <businessRules/>
                                        <campaignMaps/>
                                        <campaigns/>
                                        <executingType>MACHINE</executingType>
                                        <goldBucketBlockSize>0</goldBucketBlockSize>
                                        <goldRatio>0</goldRatio>
                                        <goldSource>Empty</goldSource>
                                        <goldType>Percentage</goldType>
                                        <machineConfig>
                                            <answers/>
                                            <code></code>
                                            <content>&lt;?xml version="1.0" encoding="UTF-8"?&gt;
&lt;config xmlns="http://web-harvest.sourceforge.net/schema/1.0/config"&gt;

	&lt;var-def name="fields"&gt;
		&lt;datastore name="RA_DISBURSEMENT_RECORDS"&gt;
			select * from @this;&lt;!-- where overall_status IN ('processed','Processed','Rejected','Reversed','reversed','rejected') 
				AND email_sent_status IS NULL; --&gt;
		&lt;/datastore&gt;
	&lt;/var-def&gt;
	&lt;log level="warn" message="fields ${fields}"&gt;&lt;/log&gt;
	&lt;script&gt;&lt;![CDATA[
		List source_list = new ArrayList();
		List mail_body2=new ArrayList();
		int srl_no=1;
		temp_var="";
	]]&gt;&lt;/script&gt;

	&lt;case&gt;
		&lt;if condition="${!fields.toString().isEmpty()}"&gt;
			&lt;loop item="count1"&gt;
				&lt;list&gt;
					&lt;var name="fields" /&gt;
				&lt;/list&gt;
				&lt;body&gt;
					&lt;var-def name="jsonRecord"&gt;
						&lt;xml-to-json&gt;
							&lt;var name="count1" /&gt;
						&lt;/xml-to-json&gt;
					&lt;/var-def&gt;
					&lt;log level="warn" message="Row :${jsonRecord}" /&gt;
					&lt;var-def name="data"&gt;
						&lt;script return="source_list"&gt;&lt;![CDATA[
							import com.google.gson.JsonParser;
							import com.google.gson.JsonObject;
							import com.google.gson.JsonArray;
							import com.google.gson.JsonElement;
							import java.util.Map;
							JsonParser jp = new JsonParser();
							Object obj = jp.parse(jsonRecord.toString());
							JsonObject jo = obj.getAsJsonObject("row");
							Map map = new HashMap();
							retail_asset_center=jo.get("retail_asset_center");//.toString().replaceAll("\"","");
							customer_name= jo.get("customer_name");//.toString().replaceAll("\"","");
							scheme=jo.get("scheme");//.toString().replaceAll("\"","");
							app_id= jo.get("app_id");//.toString().replaceAll("\"","");
							discrepancy_remarks=jo.get("discrepancy_remarks");//.toString().replaceAll("\"","");
							error_code= jo.get("error_code");//.toString().replaceAll("\"","");
							amount_sanctioned=jo.get("amount_sanctioned");//.toString().replaceAll("\"","");
							overall_status= jo.get("overall_status");//.toString().replaceAll("\"","");
							process_exception= jo.get("process_exception");//.toString().replaceAll("\"","");
							disbursal_initiating_user=jo.get("disbursal_initiating_user");//.toString().replaceAll("\"","");
							disbursal_initiation_date=jo.get("disbursal_initiation_date");//.toString().replaceAll("\"","");
							username_cas=jo.get("username_cas");//.toString().replaceAll("\"","");
							start_time=jo.get("start_time");
							end_time=jo.get("end_time");
							map.put("retail_asset_center", retail_asset_center);
							map.put("customer_name", customer_name);
							map.put("scheme", scheme);
							map.put("app_id", app_id);
							map.put("discrepancy_remarks", discrepancy_remarks);
							map.put("error_code", error_code);
							map.put("amount_sanctioned", amount_sanctioned);
							map.put("overall_status", overall_status);
							map.put("process_exception", process_exception);
							map.put("disbursal_initiating_user", disbursal_initiating_user);
							map.put("disbursal_initiation_date", disbursal_initiation_date);
							map.put("username_cas", username_cas);
							map.put("start_time", start_time);
							map.put("end_time", end_time);
							source_list.add(map);
							String dynamic_row="&lt;tr&gt;&lt;td&gt;"+srl_no+"&lt;/td&gt;&lt;td&gt;"+app_id+"&lt;/td&gt;&lt;td&gt;"+retail_asset_center+"&lt;/td&gt;&lt;td&gt;"+customer_name+"&lt;/td&gt;&lt;td&gt;"+scheme+"&lt;/td&gt;&lt;td&gt;"+discrepancy_remarks+"&lt;/td&gt;&lt;td&gt;"+error_code+"&lt;/td&gt;&lt;td&gt;"+amount_sanctioned+"&lt;/td&gt;&lt;td&gt;"+overall_status+"&lt;/td&gt;&lt;td&gt;"+process_exception+"&lt;/td&gt;&lt;td&gt;"+disbursal_initiating_user+"&lt;/td&gt;&lt;td&gt;"+disbursal_initiation_date+"&lt;/td&gt;&lt;td&gt;"+username_cas+"&lt;/td&gt;&lt;td&gt;"+start_time+"&lt;/td&gt;&lt;td&gt;"+end_time+"&lt;/td&gt;&lt;td&gt;&lt;/td&gt;&lt;/tr&gt;";
							log.warn("dynamic row is :\n"+dynamic_row);
							mail_body2.add(dynamic_row);
							temp_var=""+temp_var+""+dynamic_row;
							log.warn("temp_var is 1 "+temp_var);
							srl_no++;
						]]&gt;&lt;/script&gt;
					&lt;/var-def&gt;
				&lt;/body&gt;
			&lt;/loop&gt;
			&lt;log level="warn" message="temp_var is1.5 ${temp_var}" /&gt;
		&lt;/if&gt;
	&lt;/case&gt;
	&lt;log level="warn" message="temp_var is2 ${temp_var}" /&gt;
	&lt;var-def name="bytes"&gt;
		&lt;script return="bytes"&gt;&lt;![CDATA[
			import org.apache.poi.hssf.usermodel.HSSFSheet;
			import org.apache.poi.hssf.usermodel.HSSFWorkbook;
			import org.apache.poi.hssf.usermodel.HSSFRow;

			HSSFWorkbook write_workbook = new HSSFWorkbook();
			HSSFSheet write_sheet = write_workbook.createSheet("RA CAS DAY END MIS");
			HSSFRow row = write_sheet.createRow(0);
			int rowCount = 0;

			row.createCell(rowCount++).setCellValue("Sr No");
			row.createCell(rowCount++).setCellValue("Application id");
			row.createCell(rowCount++).setCellValue("retail_asset_center");
			row.createCell(rowCount++).setCellValue("Customer Name");
			row.createCell(rowCount++).setCellValue("Scheme");
			row.createCell(rowCount++).setCellValue("discrepancy_remarks");
			row.createCell(rowCount++).setCellValue("error_code");
			row.createCell(rowCount++).setCellValue("Amount Sanctioned");
			row.createCell(rowCount++).setCellValue("Status");
			row.createCell(rowCount++).setCellValue("Process Exception");
			row.createCell(rowCount++).setCellValue("Disbursal initiating user(App. History)");
			row.createCell(rowCount++).setCellValue("Disbursal initiation start date(App. History)");
			row.createCell(rowCount++).setCellValue("Robot Username");
			row.createCell(rowCount++).setCellValue("Start Time");
			row.createCell(rowCount++).setCellValue("End Time");
			row.createCell(rowCount++).setCellValue("Comments/Remarks (Optional)");
			rowCount = 1;
			for (Map element : source_list){
				log.warn("hgjh"+element.get("app_id"));
				row = write_sheet.createRow(rowCount++);
				columnCount = 0;
				row.createCell(columnCount++).setCellValue(rowCount-1);
				row.createCell(columnCount++).setCellValue(element.get("app_id").toString());
				row.createCell(columnCount++).setCellValue(element.get("retail_asset_center").toString());
				row.createCell(columnCount++).setCellValue(element.get("customer_name").toString());
				row.createCell(columnCount++).setCellValue(element.get("scheme").toString());
				if(element.get("discrepancy_remarks")==null){
					row.createCell(columnCount++).setCellValue("");
				}else{
					row.createCell(columnCount++).setCellValue(element.get("discrepancy_remarks").toString());
				}
				if(element.get("error_code")==null){
					row.createCell(columnCount++).setCellValue();
				}else{
					row.createCell(columnCount++).setCellValue(element.get("error_code").toString());
				}
				row.createCell(columnCount++).setCellValue(element.get("amount_sanctioned").toString());
				row.createCell(columnCount++).setCellValue(element.get("overall_status").toString());
				if(element.get("process_exception")==null){
					row.createCell(columnCount++).setCellValue("");
				}else{
					row.createCell(columnCount++).setCellValue(element.get("process_exception").toString());
				}
				if(element.get("disbursal_initiating_user")==null){
					row.createCell(columnCount++).setCellValue("");
				}else{
					row.createCell(columnCount++).setCellValue(element.get("disbursal_initiating_user").toString());
				}
				if(element.get("disbursal_initiation_date")==null){
					row.createCell(columnCount++).setCellValue("");
				}else{
					row.createCell(columnCount++).setCellValue(element.get("disbursal_initiation_date").toString());
				}
				row.createCell(columnCount++).setCellValue(element.get("username_cas").toString());
				row.createCell(columnCount++).setCellValue(element.get("start_time").toString());
				row.createCell(columnCount++).setCellValue(element.get("end_time").toString());
				row.createCell(columnCount++).setCellValue("");
			}

			ByteArrayOutputStream bos = new ByteArrayOutputStream();
			try {
				write_workbook.write(bos);
			}
			catch (Exception e) {
				error_code2=""+error_code2+"error on Day End MIS creation"+e.getMessage();
				log.warn(e);
			}
			finally {
				bos.close();
			}
			bytes = bos.toByteArray();
		]]&gt;&lt;/script&gt;
	&lt;/var-def&gt;
	&lt;script&gt;&lt;![CDATA[
		import java.time.format.DateTimeFormatter;
		import java.time.LocalDate;
		import java.time.ZoneId;
		import java.time.ZonedDateTime;
		ZoneId z1 = ZoneId.of("Asia/Kolkata");
		LocalDate localDate1 = LocalDate.now(z1);
		ZonedDateTime zonedDateTime1 = ZonedDateTime.now(z1);
		String new_parsing_Date1 = ""+DateTimeFormatter.ofPattern("dd-MM-yyyy").format(localDate1);
		String hour1 = ""+zonedDateTime1.getHour();
		String minutes1 = ""+zonedDateTime1.getMinute();
		String new_parsing_Time1 = hour1+":"+minutes1;
		end_timeStamp=new_parsing_Date1+" "+new_parsing_Time1;

		log.warn(end_timeStamp);
		String path1="RA_DISBURSEMENT_CAS_DAY_END_MIS_"+end_timeStamp+".xls";
		mail_subject="RA_DISBURSEMENT_CAS_DAY_END_MIS_"+new_parsing_Date1;
	]]&gt;&lt;/script&gt;

	&lt;var-def name="day_end_mis_url"&gt;
		&lt;s3 bucket="ra-disbursement-cas" endpoint-url="http://wfappuat-s3.axisb.com"
			access-key="9A0FCJWU0TGEUZJT6FSP" secret-key="x209uI83JbHllWorrxOW7eKfI_koFK7HRQY9jQ=="&gt;
			&lt;s3-put path="${path1}" content-type="application/xls"
				content-disposition="inline" acl="PublicRead"&gt;
				&lt;var name="bytes" /&gt;
			&lt;/s3-put&gt;
		&lt;/s3&gt;
	&lt;/var-def&gt;
	&lt;case&gt;
		&lt;if condition="${!source_list.toString().isEmpty()}"&gt;
			&lt;mail smtp-host="10.9.9.28" smtp-port="2255" type="html"
				from="Process2@InfyDev.com"
				to="wf.infy@axisbank.com"
				subject="${mail_subject}"&gt;
				Hi team,
&lt;![CDATA[
		&lt;br/&gt;
	]]&gt;
				Please find the Final MIS at Day End for the RA Disbursement - CAS Process
				Flow.
&lt;![CDATA[
		&lt;br/&gt;
	]]&gt;
				Details:
&lt;![CDATA[
		&lt;br/&gt;
	]]&gt;&lt;![CDATA[
		&lt;br/&gt;
	]]&gt;Process
				name: RA Disbursement
				&lt;![CDATA[
		&lt;br/&gt;
	]]&gt;
        S3 File url: 			
				&lt;![CDATA[
		&lt;a href="
	]]&gt;&lt;var name="day_end_mis_url"/&gt;
				&lt;![CDATA[
		"&gt;RA_CAS_DAY_END_MIS&lt;/a&gt;&lt;br/&gt;
&lt;br/&gt;
	]]&gt;	
        Thanks
			&lt;/mail&gt;
			
		&lt;/if&gt;
	&lt;/case&gt;


	&lt;export include-original-data="false"&gt;
		&lt;single-column name="error_code2" value="${error_code2}"&gt;&lt;/single-column&gt;
	&lt;/export&gt;

&lt;/config&gt;

</content>
                                            <description></description>
                                            <includedConfigs/>
                                            <inclusionCode>37c39c06-1161-4c04-bf16-a6b231181bd9</inclusionCode>
                                            <jsonParams>{"configXMLModified":"true"}</jsonParams>
                                            <machineWorkSetting>
                                                <category>
                                                    <automation>false</automation>
                                                    <description></description>
                                                    <enabled>true</enabled>
                                                    <executingType>MACHINE</executingType>
                                                    <name>Other</name>
                                                    <private>false</private>
                                                    <publicId>dd92f240-144b-4fef-8476-4ec0acbc1105</publicId>
                                                </category>
                                                <contentType>BLANK</contentType>
                                                <description></description>
                                                <enabled>true</enabled>
                                                <name>Miscellaneous Tasks</name>
                                                <publicId>26e6e095-00bb-43fa-8c34-af0b18e71ac9</publicId>
                                                <version>
                                                    <componentUuid>26e6e095-00bb-43fa-8c34-af0b18e71ac9</componentUuid>
                                                    <incrementalVersion>1.0</incrementalVersion>
                                                    <lastInChain>true</lastInChain>
                                                    <lastModified>2017-11-15T15:35:27Z</lastModified>
                                                    <versionUuid>26e6e095-00bb-43fa-8c34-af0b18e71ac9</versionUuid>
                                                </version>
                                                <answers/>
                                                <machineWorkSettingType>BASIC</machineWorkSettingType>
                                                <template>
                                                    <content>&lt;?xml version="1.0" encoding="UTF-8"?&gt;
&lt;config charset="UTF-8"&gt;
	&lt;export include-original-data="true"&gt;
	&lt;/export&gt;
&lt;/config&gt;</content>
                                                    <name>Blank</name>
                                                    <origination>CREATED_MANUALLY</origination>
                                                    <status>ACTIVE</status>
                                                    <type>BASE_MACHINE</type>
                                                    <uuid>8f04bd99-7f51-4796-a528-d1a7c9ccfbc4</uuid>
                                                    <version>
                                                        <componentUuid>8f04bd99-7f51-4796-a528-d1a7c9ccfbc4</componentUuid>
                                                        <incrementalVersion>1.0</incrementalVersion>
                                                        <lastInChain>true</lastInChain>
                                                        <lastModified>2012-12-27T00:00:00Z</lastModified>
                                                        <versionUuid>8f04bd99-7f51-4796-a528-d1a7c9ccfbc4</versionUuid>
                                                    </version>
                                                </template>
                                            </machineWorkSetting>
                                            <machineWorkSettingType>BASIC</machineWorkSettingType>
                                            <name>Send MIS at Day End</name>
                                            <machineConfigOptions/>
                                            <sourceType>MANUAL</sourceType>
                                            <template>
                                                <content>&lt;?xml version="1.0" encoding="UTF-8"?&gt;
&lt;config charset="UTF-8"&gt;
	&lt;export include-original-data="true"&gt;
	&lt;/export&gt;
&lt;/config&gt;</content>
                                                <name>Blank</name>
                                                <origination>CREATED_MANUALLY</origination>
                                                <status>ACTIVE</status>
                                                <type>BASE_MACHINE</type>
                                                <uuid>8f04bd99-7f51-4796-a528-d1a7c9ccfbc4</uuid>
                                                <version>
                                                    <componentUuid>8f04bd99-7f51-4796-a528-d1a7c9ccfbc4</componentUuid>
                                                    <incrementalVersion>1.0</incrementalVersion>
                                                    <lastInChain>true</lastInChain>
                                                    <lastModified>2012-12-27T00:00:00Z</lastModified>
                                                    <versionUuid>8f04bd99-7f51-4796-a528-d1a7c9ccfbc4</versionUuid>
                                                </version>
                                            </template>
                                            <uuid>37c39c06-1161-4c04-bf16-a6b231181bd9</uuid>
                                            <version>
                                                <componentUuid>a52d8434-2b47-4e33-b4c8-0720b751b790</componentUuid>
                                                <incrementalVersion>1.1</incrementalVersion>
                                                <lastInChain>true</lastInChain>
                                                <lastModified>2017-11-20T14:50:19Z</lastModified>
                                                <versionUuid>0d75cddf-3376-4fc9-bba4-f5f0158364c1</versionUuid>
                                            </version>
                                        </machineConfig>
                                        <moderation>false</moderation>
                                        <origination>CREATED_AUTOMATICALLY</origination>
                                        <requiresData>true</requiresData>
                                        <status>ACTIVE</status>
                                        <streamComplexRunThreshold>1</streamComplexRunThreshold>
                                        <streamTimeInterval>Immediately</streamTimeInterval>
                                        <streamTimeIntervalValue>0</streamTimeIntervalValue>
                                        <streamValueType>Tasks</streamValueType>
                                        <title>Send MIS at Day End</title>
                                        <type>SINGLE</type>
                                        <uuid>4f388f8d-106d-4bdd-aee8-ee08a0b18c01</uuid>
                                        <validWorkflow>false</validWorkflow>
                                        <version>
                                            <componentUuid>ca38d7dc-edaf-4ba9-8364-197daef48c03</componentUuid>
                                            <incrementalVersion>1.1</incrementalVersion>
                                            <lastInChain>true</lastInChain>
                                            <lastModified>2017-12-05T14:07:45Z</lastModified>
                                            <versionUuid>4fc5ac73-dcf8-4fee-9a32-bb80f3814cc3</versionUuid>
                                        </version>
                                        <workSettingBase>false</workSettingBase>
                                    </campaign>
                                    <deleted>false</deleted>
                                    <stepIndex>3</stepIndex>
                                    <stepPosition>INTERMEDIATE</stepPosition>
                                    <uuid>15a612a9-84f4-4070-b5ac-111bd3a5d6bf</uuid>
                                </campaignMap>
                                <campaignMap>
                                    <businessRule>
                                        <content>package com.freedomoss.requester;

#list any import classes here.
import com.freedomoss.objective.model.CompositeRuleContext;
import com.freedomoss.objective.model.CompositeRuleDataItemContext;
import com.freedomoss.requester.model.AwsHitQuestionItem;
import com.freedomoss.requester.model.AwsHitQuestionAnswerItem;
import org.slf4j.Logger;
import java.util.Map;
import java.util.Iterator;
import java.util.List;
import java.util.Set;
import java.util.ArrayList;
import com.freedomoss.requester.dto.SubmissionResultDTO;

#declare any global variables here
global CompositeRuleContext source
global Logger log
global Map params



rule "Rule context initialization"
auto-focus true
no-loop
dialect "mvel"
agenda-group "initialization-group"
	when
		$ctx:CompositeRuleContext(initialized == false);
	then
		$ctx.updateWorkingMemory();
		# move to business rules
		$ctx.logExecutedRule(kcontext.getRule().getName());
		kcontext.getKnowledgeRuntime().getAgenda().getAgendaGroup("calculation").setFocus();
end</content>
                                        <name>Business Process: End Rule</name>
                                        <ruleType>WORKFLOW_RULE</ruleType>
                                        <uuid>cfb971ad-0ea5-451a-9cd1-e71939a2571b</uuid>
                                        <workflowRuleMode>ADVANCED</workflowRuleMode>
                                    </businessRule>
                                    <campaign>
                                        <active>false</active>
                                        <businessRules/>
                                        <campaignMaps/>
                                        <campaigns/>
                                        <executingType>MACHINE</executingType>
                                        <goldBucketBlockSize>0</goldBucketBlockSize>
                                        <goldRatio>0</goldRatio>
                                        <goldSource>Empty</goldSource>
                                        <goldType>Percentage</goldType>
                                        <machineConfig>
                                            <answers/>
                                            <code></code>
                                            <content>&lt;?xml version="1.0" encoding="UTF-8"?&gt;
&lt;config charset="UTF-8"&gt;

    &lt;var-def name="exportType"&gt;
        &lt;case&gt;
            &lt;if condition='${sys.isVariableDefined("_sys_export_type")}'&gt;
                &lt;template&gt;${_sys_export_type}&lt;/template&gt;
            &lt;/if&gt;
        &lt;/case&gt;
    &lt;/var-def&gt;

    &lt;var-def name="exportColumns"&gt;
        &lt;case&gt;
            &lt;if condition='${sys.isVariableDefined("_sys_export_columns")}'&gt;
                &lt;template&gt;${_sys_export_columns}&lt;/template&gt;
            &lt;/if&gt;
            &lt;else&gt;&lt;/else&gt;
        &lt;/case&gt;
    &lt;/var-def&gt;

    &lt;var-def name="columnNameCase"&gt;
        &lt;case&gt;
            &lt;if condition='${sys.isVariableDefined("_sys_column_name_case")}'&gt;
                &lt;template&gt;${_sys_column_name_case}&lt;/template&gt;
            &lt;/if&gt;
            &lt;else&gt;keep&lt;/else&gt;
        &lt;/case&gt;
    &lt;/var-def&gt;

    &lt;var-def name="dataOnly"&gt;
        &lt;case&gt;
            &lt;if condition='${sys.isVariableDefined("_sys_data_only")}'&gt;
                &lt;template&gt;${_sys_data_only}&lt;/template&gt;
            &lt;/if&gt;
            &lt;else&gt;true&lt;/else&gt;
        &lt;/case&gt;
    &lt;/var-def&gt;

    &lt;var-def name="datastoreName"&gt;
        &lt;script return="item.getWrappedObject().getRun().getDatastoreName()" /&gt;
    &lt;/var-def&gt;
    &lt;case&gt;
        &lt;if condition="${!datastoreName.isEmpty()}"&gt;
            &lt;insert-datastore   datastore-name="${datastoreName}" create="true"&gt;
                &lt;script return="hit_submission_data_item.getWrappedObject().getItemValueMap()"/&gt;
            &lt;/insert-datastore&gt;
        &lt;/if&gt;
    &lt;/case&gt;

    &lt;export include-original-data="true"
            export-type="${exportType}"
            export-columns="${exportColumns}"
            column-name-case="${columnNameCase}"
            data-only="${dataOnly}"&gt;
    &lt;/export&gt;
&lt;/config&gt;</content>
                                            <description>Default machine campaign for end step.</description>
                                            <includedConfigs/>
                                            <inclusionCode>9e5000e3-c243-42d3-b5ad-c6ac90dec35e</inclusionCode>
                                            <machineWorkSetting>
                                                <category>
                                                    <automation>false</automation>
                                                    <description></description>
                                                    <enabled>true</enabled>
                                                    <executingType>MACHINE</executingType>
                                                    <name>Other</name>
                                                    <private>false</private>
                                                    <publicId>dd92f240-144b-4fef-8476-4ec0acbc1105</publicId>
                                                </category>
                                                <contentType>BLANK</contentType>
                                                <description></description>
                                                <enabled>true</enabled>
                                                <name>Miscellaneous Tasks</name>
                                                <publicId>26e6e095-00bb-43fa-8c34-af0b18e71ac9</publicId>
                                                <version>
                                                    <componentUuid>26e6e095-00bb-43fa-8c34-af0b18e71ac9</componentUuid>
                                                    <incrementalVersion>1.0</incrementalVersion>
                                                    <lastInChain>true</lastInChain>
                                                    <lastModified>2017-11-15T15:35:27Z</lastModified>
                                                    <versionUuid>26e6e095-00bb-43fa-8c34-af0b18e71ac9</versionUuid>
                                                </version>
                                                <answers/>
                                                <machineWorkSettingType>BASIC</machineWorkSettingType>
                                                <template>
                                                    <content>&lt;?xml version="1.0" encoding="UTF-8"?&gt;
&lt;config charset="UTF-8"&gt;
	&lt;export include-original-data="true"&gt;
	&lt;/export&gt;
&lt;/config&gt;</content>
                                                    <name>Blank</name>
                                                    <origination>CREATED_MANUALLY</origination>
                                                    <status>ACTIVE</status>
                                                    <type>BASE_MACHINE</type>
                                                    <uuid>8f04bd99-7f51-4796-a528-d1a7c9ccfbc4</uuid>
                                                    <version>
                                                        <componentUuid>8f04bd99-7f51-4796-a528-d1a7c9ccfbc4</componentUuid>
                                                        <incrementalVersion>1.0</incrementalVersion>
                                                        <lastInChain>true</lastInChain>
                                                        <lastModified>2012-12-27T00:00:00Z</lastModified>
                                                        <versionUuid>8f04bd99-7f51-4796-a528-d1a7c9ccfbc4</versionUuid>
                                                    </version>
                                                </template>
                                            </machineWorkSetting>
                                            <name>Final Results</name>
                                            <machineConfigOptions/>
                                            <sourceType>MANUAL</sourceType>
                                            <template>
                                                <content>&lt;?xml version="1.0" encoding="UTF-8"?&gt;
&lt;config charset="UTF-8"&gt;
	&lt;export include-original-data="true"&gt;
	&lt;/export&gt;
&lt;/config&gt;</content>
                                                <name>Blank</name>
                                                <origination>CREATED_MANUALLY</origination>
                                                <status>ACTIVE</status>
                                                <type>BASE_MACHINE</type>
                                                <uuid>8f04bd99-7f51-4796-a528-d1a7c9ccfbc4</uuid>
                                                <version>
                                                    <componentUuid>8f04bd99-7f51-4796-a528-d1a7c9ccfbc4</componentUuid>
                                                    <incrementalVersion>1.0</incrementalVersion>
                                                    <lastInChain>true</lastInChain>
                                                    <lastModified>2012-12-27T00:00:00Z</lastModified>
                                                    <versionUuid>8f04bd99-7f51-4796-a528-d1a7c9ccfbc4</versionUuid>
                                                </version>
                                            </template>
                                            <uuid>9e5000e3-c243-42d3-b5ad-c6ac90dec35e</uuid>
                                            <version>
                                                <componentUuid>9e5000e3-c243-42d3-b5ad-c6ac90dec35e</componentUuid>
                                                <incrementalVersion>1.0</incrementalVersion>
                                                <lastInChain>true</lastInChain>
                                                <lastModified>2017-11-15T15:35:51Z</lastModified>
                                                <versionUuid>a29057a6-c9ec-11e7-9069-005056946962</versionUuid>
                                            </version>
                                        </machineConfig>
                                        <moderation>false</moderation>
                                        <origination>CREATED_AUTOMATICALLY</origination>
                                        <requiresData>true</requiresData>
                                        <status>ACTIVE</status>
                                        <streamComplexRunThreshold>100</streamComplexRunThreshold>
                                        <streamTimeInterval>Immediately</streamTimeInterval>
                                        <streamTimeIntervalValue>0</streamTimeIntervalValue>
                                        <streamValueType>Percents</streamValueType>
                                        <title>Final Results</title>
                                        <type>SINGLE</type>
                                        <uuid>af4c8905-26dd-4120-b208-39ad3530ffc6</uuid>
                                        <validWorkflow>false</validWorkflow>
                                        <version>
                                            <componentUuid>a1b0237d-c9ec-11e7-9069-005056946962</componentUuid>
                                            <incrementalVersion>1.0</incrementalVersion>
                                            <lastInChain>true</lastInChain>
                                            <lastModified>2017-11-15T15:35:51Z</lastModified>
                                            <versionUuid>a29065ee-c9ec-11e7-9069-005056946962</versionUuid>
                                        </version>
                                        <workSettingBase>false</workSettingBase>
                                    </campaign>
                                    <deleted>false</deleted>
                                    <stepIndex>4</stepIndex>
                                    <stepPosition>END</stepPosition>
                                    <uuid>2ef7864c-f7d9-42a7-b7bc-ac0f10b11d41</uuid>
                                </campaignMap>
                            </campaignMaps>
                            <campaigns/>
                            <compositeCampaignVersion>NEW_WORKFLOW</compositeCampaignVersion>
                            <compositeStructureXml>&lt;mxGraphModel&gt;&lt;root&gt;&lt;mxCell id="0"/&gt;&lt;mxCell id="1" parent="0"/&gt;&lt;Start id="2" name="Start" type="start"&gt;&lt;mxCell parent="1" style="start" vertex="1"&gt;&lt;mxGeometry as="geometry" height="32.0" width="32.0" x="80.0" y="74.0"/&gt;&lt;/mxCell&gt;&lt;/Start&gt;&lt;MachineTask campaignMapUUID="a1d9c72a-b771-4532-b9ef-8c421c8f06eb" id="3" name="RA_mail_code_table" taskUUID="7e948c42-75b3-40fe-ba8e-eafca65d6641" type="machine_task"&gt;&lt;mxCell parent="1" style="machine_task" vertex="1"&gt;&lt;mxGeometry as="geometry" height="60.0" width="160.0" x="530.0" y="60.0"/&gt;&lt;/mxCell&gt;&lt;/MachineTask&gt;&lt;End campaignMapUUID="2ef7864c-f7d9-42a7-b7bc-ac0f10b11d41" id="4" name="End" type="end"&gt;&lt;mxCell parent="1" style="end" vertex="1"&gt;&lt;mxGeometry as="geometry" height="32.0" width="32.0" x="806.0" y="74.0"/&gt;&lt;/mxCell&gt;&lt;/End&gt;&lt;Link id="5" name="" type="link"&gt;&lt;mxCell edge="1" parent="1" source="2" style="link" target="7"&gt;&lt;mxGeometry as="geometry" relative="1" x="0.5" y="10.0"&gt;&lt;mxPoint as="targetPoint" x="180.0" y="340.0"/&gt;&lt;/mxGeometry&gt;&lt;/mxCell&gt;&lt;/Link&gt;&lt;Link id="6" name="" outcomeId="ApproveAll" ruleUUID="76b1a1e7-09bb-425e-a350-fcf728e21966" type="link"&gt;&lt;mxCell edge="1" parent="1" source="3" style="link" target="11"&gt;&lt;mxGeometry as="geometry" relative="1" x="0.5" y="10.0"&gt;&lt;mxPoint as="targetPoint" x="660.0" y="240.0"/&gt;&lt;/mxGeometry&gt;&lt;/mxCell&gt;&lt;/Link&gt;&lt;MachineTask campaignMapUUID="5d300a36-0f56-42b3-a2b2-5de496039a45" id="7" name="Check for mail sending schedule" taskUUID="7e2ec30d-2647-44c4-9f90-3364deefa191" type="machine_task"&gt;&lt;mxCell parent="1" style="machine_task" vertex="1"&gt;&lt;mxGeometry as="geometry" height="60.0" width="160.0" x="190.0" y="60.0"/&gt;&lt;/mxCell&gt;&lt;/MachineTask&gt;&lt;Rule id="11" name="Business Rule" ruleUUID="dd47874a-fa99-4c5d-aa4b-8ac401bad4c0" type="rule"&gt;&lt;mxCell parent="1" style="rule" vertex="1"&gt;&lt;mxGeometry as="geometry" height="32.0" width="32.0" x="740.0" y="74.0"/&gt;&lt;/mxCell&gt;&lt;/Rule&gt;&lt;Link conditional="true" id="12" label="end the BP" name="" outcomeId="end the BP" ruleUUID="dd47874a-fa99-4c5d-aa4b-8ac401bad4c0" type="link"&gt;&lt;mxCell edge="1" parent="1" source="11" style="link" target="4"&gt;&lt;mxGeometry as="geometry" relative="1" x="0.5" y="10.0"/&gt;&lt;/mxCell&gt;&lt;/Link&gt;&lt;Link conditional="true" id="16" label="check again" name="" outcomeId="check again" ruleUUID="dd47874a-fa99-4c5d-aa4b-8ac401bad4c0" type="link"&gt;&lt;mxCell edge="1" parent="1" source="11" style="link" target="7"&gt;&lt;mxGeometry as="geometry"&gt;&lt;mxPoint as="targetPoint" x="820.0" y="165.0"/&gt;&lt;Array as="points"&gt;&lt;mxPoint x="760.0" y="270.0"/&gt;&lt;mxPoint x="260.0" y="270.0"/&gt;&lt;/Array&gt;&lt;mxPoint as="offset" x="-30.0" y="149.0"/&gt;&lt;/mxGeometry&gt;&lt;/mxCell&gt;&lt;/Link&gt;&lt;Link id="18" name="" outcomeId="ApproveAll" ruleUUID="db78b0b4-6888-4901-f7fd-d2461c53e891" type="link"&gt;&lt;mxCell edge="1" parent="1" source="7" style="link" target="19"&gt;&lt;mxGeometry as="geometry" relative="1" x="0.5" y="10.0"&gt;&lt;mxPoint as="targetPoint" x="390.0" y="170.0"/&gt;&lt;/mxGeometry&gt;&lt;/mxCell&gt;&lt;/Link&gt;&lt;Rule id="19" name="Business Rule" ruleUUID="755bb6ec-37d8-46ed-8ed3-a0b8e827d760" type="rule"&gt;&lt;mxCell parent="1" style="rule" vertex="1"&gt;&lt;mxGeometry as="geometry" height="32.0" width="32.0" x="430.0" y="74.0"/&gt;&lt;/mxCell&gt;&lt;/Rule&gt;&lt;Link conditional="true" id="21" label="end BP" name="" outcomeId="end BP" ruleUUID="755bb6ec-37d8-46ed-8ed3-a0b8e827d760" type="link"&gt;&lt;mxCell edge="1" parent="1" source="19" style="link" target="23"&gt;&lt;mxGeometry as="geometry" relative="1" x="0.5" y="10.0"&gt;&lt;mxPoint as="targetPoint" x="400.0" y="-30.0"/&gt;&lt;Array as="points"&gt;&lt;mxPoint x="440.0" y="25.0"/&gt;&lt;/Array&gt;&lt;/mxGeometry&gt;&lt;/mxCell&gt;&lt;/Link&gt;&lt;Link conditional="true" id="22" label="send mail" name="" outcomeId="send mail" ruleUUID="755bb6ec-37d8-46ed-8ed3-a0b8e827d760" type="link"&gt;&lt;mxCell edge="1" parent="1" source="19" style="link" target="3"&gt;&lt;mxGeometry as="geometry"&gt;&lt;mxPoint as="targetPoint" x="550.0" y="165.0"/&gt;&lt;/mxGeometry&gt;&lt;/mxCell&gt;&lt;/Link&gt;&lt;MachineTask campaignMapUUID="15a612a9-84f4-4070-b5ac-111bd3a5d6bf" id="23" name="Send MIS at Day End" taskUUID="4f388f8d-106d-4bdd-aee8-ee08a0b18c01" type="machine_task"&gt;&lt;mxCell parent="1" style="machine_task" vertex="1"&gt;&lt;mxGeometry as="geometry" height="50.0" width="140.0" x="540.0"/&gt;&lt;/mxCell&gt;&lt;/MachineTask&gt;&lt;Link id="24" name="" outcome="ApproveAll" outcomeId="ApproveAll" ruleUUID="3a47e801-c5a9-4dc0-9f7a-498f6f85d334" type="link"&gt;&lt;mxCell edge="1" parent="1" source="23" style="link" target="4"&gt;&lt;mxGeometry as="geometry" relative="1" x="0.5" y="10.0"/&gt;&lt;/mxCell&gt;&lt;/Link&gt;&lt;/root&gt;&lt;/mxGraphModel&gt;</compositeStructureXml>
                            <description>Business Process description</description>
                            <executingType>COMPOSITE</executingType>
                            <goldBucketBlockSize>0</goldBucketBlockSize>
                            <goldRatio>0</goldRatio>
                            <goldSource>Empty</goldSource>
                            <goldType>Percentage</goldType>
                            <moderation>false</moderation>
                            <origination>CREATED_AUTOMATICALLY</origination>
                            <requiresData>false</requiresData>
                            <status>ACTIVE</status>
                            <streamComplexRunThreshold>1</streamComplexRunThreshold>
                            <streamTimeInterval>Immediately</streamTimeInterval>
                            <streamTimeIntervalValue>0</streamTimeIntervalValue>
                            <streamValueType>Tasks</streamValueType>
                            <title>RA Disbursement Send mail after 30 minutes</title>
                            <type>COMPOSITE</type>
                            <uuid>c72240b6-5e46-4feb-981c-c8195678bf8e</uuid>
                            <validWorkflow>true</validWorkflow>
                            <version>
                                <componentUuid>04c52ba5-b6a9-4281-a141-1ccd581e1ee6</componentUuid>
                                <incrementalVersion>1.22</incrementalVersion>
                                <lastInChain>true</lastInChain>
                                <lastModified>2017-12-05T06:09:09Z</lastModified>
                                <versionUuid>3838d145-f0b3-4cf7-9093-7b7d9ac12c63</versionUuid>
                            </version>
                            <workSettingBase>false</workSettingBase>
                        </campaign>
                        <description>
                            <dynamicTaskRenderingDisabled>false</dynamicTaskRenderingDisabled>
                            <goldRun>false</goldRun>
                            <maximumProcessingCount>10</maximumProcessingCount>
                            <qualificationTraining>false</qualificationTraining>
                            <stepDescription>{}</stepDescription>
                            <streamingValue>1</streamingValue>
                            <streamingValueType>Tasks</streamingValueType>
                            <taskParams>{"values":{"DESCRIPTION":"","NAME":"Check for mail sending schedule"}}</taskParams>
                            <uploadResults>false</uploadResults>
                            <uploadResultsType>CREATE</uploadResultsType>
                        </description>
                        <executingType>MACHINE</executingType>
                        <forceComplete>false</forceComplete>
                        <forceCompleteIdleTime>0</forceCompleteIdleTime>
                        <forceCompletePercent>100</forceCompletePercent>
                        <mixStrategy>
                            <additionalRows>0</additionalRows>
                            <blockSize>1</blockSize>
                            <goldItemSize>0</goldItemSize>
                            <goldRatio>false</goldRatio>
                            <mainRows>1</mainRows>
                            <repeated>false</repeated>
                        </mixStrategy>
                        <purged>false</purged>
                        <recordProcessingStatus>COMPLETED</recordProcessingStatus>
                        <recursiveCount>1</recursiveCount>
                        <rootRunUUID>2348868f-4f7d-4acb-bb1d-0a6d841429a4</rootRunUUID>
                        <runType>SIMPLE</runType>
                        <tags></tags>
                        <title>Check for mail sending schedule</title>
                        <uuid>2348868f-4f7d-4acb-bb1d-0a6d841429a4</uuid>
                    </run>
                </runs>
                <automationUseCases/>
                <automationInfo/>
            </project>
            <hashCode>134437451</hashCode>
        </objectContainer>
    </objects>
</objectListWrapper>
